id|video_path|caption
1|/media/wtheisen/scratch2/telegram_video/romanov_92/124/post_124_video.mp4|Romanov –õ–∞–π—Ç ]‡£©‡£©‡£©‡£©‡£Ø‡£©‡£©‡£©‡£©‡£©‡£©‡£©‡£©‡£©‡£©‡£©‡£©‡£©‡£©‡£©‡£©‡£©‡£©‡£©‡£©‡£©‡£©‡£©‡£©‡£©‡£©–ù—É –≤–æ—Ç –∏ –æ—Ç–≤–µ—Ç –ü—Ä–µ–∑–∏–¥–µ–Ω—Ç–∞ –†–§.  –¢–ß–ö.
2|/media/wtheisen/scratch2/telegram_video/romanov_92/129/post_129_video.mp4|Romanov –õ–∞–π—Ç ]‡£©‡£©‡£©‡£©‡£Ø‡£©‡£©‡£©‡£©‡£©‡£©‡£©‡£©‡£©‡£©‡£©‡£©‡£©‡£©‡£©‡£©‡£©‡£©‡£©‡£©‡£©‡£©‡£©‡£©‡£©‡£©–û—Å—Ç–æ—Ä–æ–∂–Ω–µ–µ –Ω–∞ —Å–∫–ª–æ–Ω–∞—Ö) —Å–µ–≥–æ–¥–Ω—è –≤ –†—É–º—ã–Ω–∏–∏ –º–∏—à–∫–∞ —Ä–µ—à–∏–ª —É—Å—Ç—Ä–æ–∏—Ç—å —Å–µ–±–µ –õ—ã–∂–Ω—ã–π —à–∞—à–ª—ã–∫) –Ω–æ –ø–æ–ª—É—á–∏–ª –≤ –ø–æ–¥–∞—Ä–æ–∫ —Ç–æ–ª—å–∫–æ –Ω–æ–≤—ã–π —Ä—é–∫–∑–∞–∫ ) —Å —Ä—é–∫–∑–∞–∫–æ–º –º–∏—à–∫–µ –≤ –ª–µ—Å—É —É–¥–æ–±–Ω–µ–µ, —á–µ–º –±–µ–∑ —Ä—é–∫–∑–∞–∫–∞)
3|/media/wtheisen/scratch2/telegram_video/romanov_92/480/post_480_video.mp4|Romanov –õ–∞–π—Ç ]‡£©‡£©‡£©‡£©‡£Ø‡£©‡£©‡£©‡£©‡£©‡£©‡£©‡£©‡£©‡£©‡£©‡£©‡£©‡£©‡£©‡£©‡£©‡£©‡£©‡£©‡£©‡£©‡£©‡£©‡£©‡£©–ü–æ—Å–ª–µ–¥–Ω–∏–µ –∫–∞–¥—Ä—ã —Ä–∞–∑–±–∏–≤—à–µ–≥–æ—Å—è –ë–µ-200. –ü–∞—Ä–Ω–∏ –±—ã–ª–∏ –ª–∏—Ö–∞—á–∞–º–∏.@romanov_92
4|/media/wtheisen/scratch2/telegram_video/romanov_92/426/post_426_video.mp4|Romanov –õ–∞–π—Ç ]‡£©‡£©‡£©‡£©‡£Ø‡£©‡£©‡£©‡£©‡£©‡£©‡£©‡£©‡£©‡£©‡£©‡£©‡£©‡£©‡£©‡£©‡£©‡£©‡£©‡£©‡£©‡£©‡£©‡£©‡£©‡£©–í–∏–¥–µ–æ —Å –º–µ—Å—Ç–∞ –∫—Ä—É—à–µ–Ω–∏—è –ê–Ω-26 –Ω–∞ –ö–∞–º—á–∞—Ç–∫–µ. –°—É–¥—è –≤–æ –≤—Å–µ–º—É, —Å–∞–º–æ–ª—ë—Ç –≤—Ä–µ–∑–∞–ª—Å—è –≤ –ø—Ä–∏–±—Ä–µ–∂–Ω—É—é —Å–∫–∞–ª—É. –í–∏–¥–µ–æ ‚Ññ2: –ü–æ—Å–∞–¥–∫–∞ –Ω–∞ –ü–∞–ª–∞–Ω–µ, –Ω–µ–¥–∞–ª–µ–∫–æ –æ—Ç –∫–æ—Ç–æ—Ä–æ–≥–æ —Ä–∞–∑–±–∏–ª—Å—è –ê–Ω-26, –Ω–µ –∏–∑ –ª—ë–≥–∫–∏—Ö ‚Äî –æ–∫–æ–ª–æ –ø–æ–ª–æ—Å—ã –Ω–∞—Ö–æ–¥–∏—Ç—Å—è —Ç–∞ —Å–∞–º–∞—è —Å–æ–ø–∫–∞, –≤ –∫–æ—Ç–æ—Ä—É—é —Å–µ–≥–æ–¥–Ω—è –≤—Ä–µ–∑–∞–ª—Å—è —Å–∞–º–æ–ª—ë—Ç.–ò—Å—Ç–æ—á–Ω–∏–∫: @bazabazon@romanov_92
5|/media/wtheisen/scratch2/telegram_video/romanov_92/150/post_150_video.mp4|Romanov –õ–∞–π—Ç ]‡£©‡£©‡£©‡£©‡£Ø‡£©‡£©‡£©‡£©‡£©‡£©‡£©‡£©‡£©‡£©‡£©‡£©‡£©‡£©‡£©‡£©‡£©‡£©‡£©‡£©‡£©‡£©‡£©‡£©‡£©‡£©Upd.–ü–∞—Ü–∞–Ω –¥–µ–ª–æ –≥–æ–≤–æ—Ä–∏—Ç.@surf_noise1[–°–ª—ã—à–∏—à—å –†–æ–∫–æ—Ç?–≠—Ç–æ –Ω–∞–¥–≤–∏–≥–∞–µ—Ç—Å—è –±—É—Ä—èüåä]
6|/media/wtheisen/scratch2/telegram_video/romanov_92/287/post_287_video.mp4|"Romanov –õ–∞–π—Ç ]‡£©‡£©‡£©‡£©‡£Ø‡£©‡£©‡£©‡£©‡£©‡£©‡£©‡£©‡£©‡£©‡£©‡£©‡£©‡£©‡£©‡£©‡£©‡£©‡£©‡£©‡£©‡£©‡£©‡£©‡£©‡£©–ó–Ω–∞–∫–æ–º—å—Ç–µ—Å—å: –ò—Ä–∏–Ω–∞ –©—É–∫–∏–Ω–∞. –ó–∞–º–µ—Å—Ç–∏—Ç–µ–ª—å –¥–∏—Ä–µ–∫—Ç–æ—Ä–∞ –¥–µ–ø–∞—Ä—Ç–∞–º–µ–Ω—Ç–∞ —É–ø—Ä–∞–≤–¥–µ–ª–∞–º–∏ –≥—É–±–µ—Ä–Ω–∞—Ç–æ—Ä–∞ –∏ –ø—Ä–∞–≤–∏—Ç–µ–ª—å—Å—Ç–≤–∞ –°–µ–≤–∞—Å—Ç–æ–ø–æ–ª—è.–ò–º–µ–Ω–Ω–æ –æ–Ω–∞ —Ç–µ–ø–µ—Ä—å —Å–æ–≥–ª–∞—Å–Ω–æ –ø—Ä–µ—Å–ª–æ–≤—É—Ç–æ–º—É –ü–æ—Å—Ç–∞–Ω–æ–≤–ª–µ–Ω–∏—é –≥—É–±–µ—Ä–Ω–∞—Ç–æ—Ä–∞ –°–µ–≤–∞—Å—Ç–æ–ø–æ–ª—è –ú–∏—Ö–∞–∏–ª–∞ –†–∞–∑–≤–æ–∑–∂–∞–µ–≤–∞ (–ø–æ–¥—Å–∫–∞–∑—ã–≤–∞—é—Ç, —á—Ç–æ –∏ —Å–∞–º—É —Ç–µ–∫—Å—Ç–æ–≤–∫—É –ø–æ—Å—Ç–∞–Ω–æ–≤–ª–µ–Ω–∏—è —Å–æ—Å—Ç–∞–≤–ª—è–ª–∞ –æ–Ω–∞) ‚Ññ 22-–ü–ü ¬´–û–± —É—Ç–≤–µ—Ä–∂–¥–µ–Ω–∏–∏ –ø–æ—Ä—è–¥–∫–∞ –≤–∑–∞–∏–º–æ–¥–µ–π—Å—Ç–≤–∏—è –∑–∞–∫–∞–∑—á–∏–∫–æ–≤ –ø—Ä–∏ –æ—Å—É—â–µ—Å—Ç–≤–ª–µ–Ω–∏–∏ –∑–∞–∫—É–ø–æ—á–Ω—ã—Ö –ø—Ä–æ—Ü–µ–¥—É—Ä...¬ª –µ–¥–∏–Ω–æ–ª–∏—á–Ω–æ —Ä–µ—à–∞–µ—Ç - –±—ã—Ç—å –∑–∞–∫—É–ø–æ—á–∫–µ –∏–ª–∏ ""–¥–∞–Ω—É –µ—ë""...–í–∞–Ω–≥—É—é: —Å–∫–æ—Ä–æ —Ä–æ–¥—Å—Ç–≤–µ–Ω–Ω–∏–∫–æ–≤ –∏ –±–ª–∏–∑–∫–∏—Ö —ç—Ç–æ–π –±–µ–∑ —Å–æ–º–Ω–µ–Ω–∏—è —É–≤–∞–∂–∞–µ–º–æ–π –¥–∞–º—ã –∂–¥—ë—Ç –±–æ–ª—å—à–æ–π –ø—Ä–∏–±—ã—Ç–æ–∫, —Ñ–∏–Ω–∞–Ω—Å–æ–≤—ã–π —É—Å–ø–µ—Ö –∏ –≤–Ω–µ–∑–∞–ø–Ω—ã–µ —É—Å–ø–µ—Ö–∏ –≤ –±–∏–∑–Ω–µ—Å–µ (—é–ø–∏—Ç–µ—Ä –≤ —Å–µ–¥—å–º–æ–º –¥–æ–º–µ –∏ –≤–æ—Ç —ç—Ç–æ –≤–æ—Ç –≤—Å—ë). –ï—Å—Ç–µ—Å—Ç–≤–µ–Ω–Ω–æ —ç—Ç–æ –Ω–µ –±—É–¥–µ—Ç –Ω–µ –∫–æ–∏–º –æ–±—Ä–∞–∑–æ–º —Å–≤—è–∑–∞–Ω–Ω–æ —Å —Ä–∞—Å–∫–ª–∞–¥–∫–∞–º–∏ –ø–æ –∑–∞–∫—É–ø–∫–∞–º. @romanov_92"
7|/media/wtheisen/scratch2/telegram_video/romanov_92/424/post_424_video.mp4|Romanov –õ–∞–π—Ç ]‡£©‡£©‡£©‡£©‡£Ø‡£©‡£©‡£©‡£©‡£©‡£©‡£©‡£©‡£©‡£©‡£©‡£©‡£©‡£©‡£©‡£©‡£©‡£©‡£©‡£©‡£©‡£©‡£©‡£©‡£©‡£©–ü—Ä–æ—Å—Ç–æ –ö–∞–º–ê–ó –≥—Ä—É–∂—ë–Ω—ã–π –ö–∞–º–ê–ó–æ–º —Ç–∞—â–∏—Ç –ö–∞–º–ê–ó, –∫–æ—Ç–æ—Ä—ã–π –≤–µ–∑—ë—Ç –ö–∞–º–ê–ó, –∫–æ—Ç–æ—Ä—ã–π –≤–µ–∑—ë—Ç —Ç–∞–∑. –í—Å—ë.@romanov_92
8|/media/wtheisen/scratch2/telegram_video/romanov_92/413/post_413_video.mp4|Romanov –õ–∞–π—Ç ]‡£©‡£©‡£©‡£©‡£Ø‡£©‡£©‡£©‡£©‡£©‡£©‡£©‡£©‡£©‡£©‡£©‡£©‡£©‡£©‡£©‡£©‡£©‡£©‡£©‡£©‡£©‡£©‡£©‡£©‡£©‡£©–û–±—â–µ—Å—Ç–≤–µ–Ω–Ω–∏–∫–∏ –ø–ª—ã–≤—É—Ç –ø—Ä–æ—Å–∏—Ç—å —É –ê–∫—Å—ë–Ω–æ–≤–∞ –ø—Ä–æ—â–µ–Ω–∏—è –∏ —Ç—ë–ø–ª–µ–Ω—å–∫–æ–µ –º–µ—Å—Ç–æ –Ω–∞ –±—é–¥–∂–µ—Ç–µ.–í –ú–ß–° —É–∂–µ —Å–∫–∞–∑–∞–ª–∏, —á—Ç–æ —ç—Ç–æ –±—ã–ª–∏ –Ω–µ–∫–∏–µ –≥—Ä–∞–∂–¥–∞–Ω—Å–∫–∏–µ –∏ –æ–Ω–∏ –Ω–µ –∑–Ω–∞—é—Ç, –∑–∞—á–µ–º —ç—Ç–æ —Å–¥–µ–ª–∞–ª–∏: ¬´—ç—Ç–æ –≤–æ–æ–±—â–µ –±—ã–ª–∏ –≥—Ä–∞–∂–¥–∞–Ω—Å–∫–∏–µ –ª—é–¥–∏, –∫–æ—Ç–æ—Ä—ã–µ –ø—Ä–∏–Ω—è–ª–∏ –¥–ª—è —Å–µ–±—è –≤ —ç—Ç–æ–π –∫—Ä–∏—Ç–∏—á–µ—Å–∫–æ–π —Å–∏—Ç—É–∞—Ü–∏–∏ —Ç–∞–∫–æ–µ –Ω–µ —Å–æ–≤—Å–µ–º –ø–æ–Ω—è—Ç–Ω–æ–µ —Ä–µ—à–µ–Ω–∏–µ. –û–Ω–∏ –Ω–∞–¥–µ–ª–∏ –Ω–∞ —Å–µ–±—è —ç—Ç–∏ –∫–æ—Å—Ç—é–º—ã –∏ –Ω–∏—á–µ–≥–æ —É–º–Ω–µ–µ –Ω–µ –ø—Ä–∏–¥—É–º–∞–ª–∏, —á–µ–º –ø–ª—ã—Ç—å –∑–∞ –ª–æ–¥–∫–æ–π –ê–∫—Å–µ–Ω–æ–≤–∞¬ª - –ø—Ä–æ–∫–æ–º–º–µ–Ω—Ç–∏—Ä–æ–≤–∞–ª–∏ –≤ –ú–ß–°.@romanov_92
9|/media/wtheisen/scratch2/telegram_video/romanov_92/189/post_189_video.mp4|"Romanov –õ–∞–π—Ç ]‡£©‡£©‡£©‡£©‡£Ø‡£©‡£©‡£©‡£©‡£©‡£©‡£©‡£©‡£©‡£©‡£©‡£©‡£©‡£©‡£©‡£©‡£©‡£©‡£©‡£©‡£©‡£©‡£©‡£©‡£©‡£©–ê–ü–õ ""–ê–ª–µ–∫—Å–∞–Ω–¥—Ä –ù–µ–≤—Å–∫–∏–π"" –ø—Ä–æ–µ–∫—Ç–∞ 955 ""–ë–æ—Ä–µ–π"" –≤ –¢–∏–∫-–¢–æ–∫–µ...@romanov_92"
10|/media/wtheisen/scratch2/telegram_video/romanov_92/21/post_21_video.mp4|Romanov –õ–∞–π—Ç ]‡£©‡£©‡£©‡£©‡£Ø‡£©‡£©‡£©‡£©‡£©‡£©‡£©‡£©‡£©‡£©‡£©‡£©‡£©‡£©‡£©‡£©‡£©‡£©‡£©‡£©‡£©‡£©‡£©‡£©‡£©‡£©–ö–∞–∫–∞—è-—Ç–æ –∂–µ—Å—Ç—å —Å–µ–π—á–∞—Å –ø—Ä–æ–∏—Å—Ö–æ–¥–∏—Ç –º–µ–∂–¥—É –°–®–ê –∏ –í–µ–Ω–µ—Å—É—ç–ª–æ–π... –°—É—Ç—å –≤ —Ç–æ–º, —á—Ç–æ –µ—â—ë –¥–∞–≤–Ω–æ –¢—Ä–∞–º–ø –æ–±—ä—è–≤–∏–ª –≤–æ–π–Ω—É —é–∂–Ω–æ–∞–º–µ—Ä–∏–∫–∞–Ω—Å–∫–∏–º –Ω–∞—Ä–∫–æ–∫–∞—Ä—Ç–µ–ª—è–º (–¥–∞–≤–Ω–æ –ø–æ—Ä–∞), –Ω–æ –º–µ—Ä—ã –¶–†–£ –æ—Å–æ–±–æ –Ω–µ –ø–æ–º–æ–≥–ª–∏. –¢–æ–≥–¥–∞ –∞–º–µ—Ä–∏–∫–∞–Ω—Å–∫–∏–π –ø—Ä–µ–∑–∏–¥–µ–Ω—Ç —Ä–µ—à–∏–ª –∏–∑–±–∞–≤–ª—è—Ç—å—Å—è –æ—Ç —ç—Ç–æ–π –∑–∞—Ä–∞–∑—ã –∫–∞—Ä–¥–∏–Ω–∞–ª—å–Ω–æ, –∞ –ø–æ—ç—Ç–æ–º—É —Å–µ–π—á–∞—Å —Ç—É–¥–∞ –¥–≤–∏–≥–∞–µ—Ç—Å—è –æ–≥—Ä–æ–º–Ω—ã–π –∫–æ–Ω–≤–æ–π –∏–∑ –∞–º–µ—Ä–∏–∫–∞–Ω—Å–∫–∏—Ö –≤–æ–æ—Ä—É–∂–µ–Ω–Ω—ã—Ö —Å–∏–ª. –í–µ–Ω–µ—Å—É—ç–ª–∞, –≤ —Å–≤–æ—é –æ—á–µ—Ä–µ–¥—å, –º–æ–±–∏–ª–∏–∑–æ–≤–∞–ª–∞ –∞—Ä–º–∏—é, –∏ –∑–∞—è–≤–ª—è–µ—Ç –æ–± —É–≥—Ä–æ–∑–µ –≤–æ–µ–Ω–Ω—ã—Ö –¥–µ–π—Å—Ç–≤–∏–π.
11|/media/wtheisen/scratch2/telegram_video/romanov_92/12/post_12_video.mp4|Romanov –õ–∞–π—Ç ]‡£©‡£©‡£©‡£©‡£Ø‡£©‡£©‡£©‡£©‡£©‡£©‡£©‡£©‡£©‡£©‡£©‡£©‡£©‡£©‡£©‡£©‡£©‡£©‡£©‡£©‡£©‡£©‡£©‡£©‡£©‡£©–í –ü—Ä–∏–º–æ—Ä—å–µ –∞–≤—Ç–æ–º–æ–±–∏–ª—å–Ω—ã–π –º–æ—Å—Ç –æ–±—Ä—É—à–∏–ª—Å—è –ø—Ä—è–º–æ –ø–µ—Ä–µ–¥ –∞–≤—Ç–æ–º–æ–±–∏–ª–µ–º. –≠—Ç–æ —É–∂–µ —Ç—Ä–µ—Ç–∏–π –º–æ—Å—Ç, –∫–æ—Ç–æ—Ä—ã–π –æ–±—Ä—É—à–∏–ª—Å—è –≤ —Ä–µ–≥–∏–æ–Ω–µ –∑–∞ –ø–æ—Å–ª–µ–¥–Ω–µ–µ –≤—Ä–µ–º—è.#–°–ú–ï–†–ß
12|/media/wtheisen/scratch2/telegram_video/romanov_92/412/post_412_video.mp4|Romanov –õ–∞–π—Ç ]‡£©‡£©‡£©‡£©‡£Ø‡£©‡£©‡£©‡£©‡£©‡£©‡£©‡£©‡£©‡£©‡£©‡£©‡£©‡£©‡£©‡£©‡£©‡£©‡£©‡£©‡£©‡£©‡£©‡£©‡£©‡£©–í –ï–∫–∞—Ç–µ—Ä–∏–Ω–±—É—Ä–≥–µ –ø–∞—Ä–Ω—é —Å–Ω–∏–∑–∏–ª–∏ –æ—Ü–µ–Ω–∫—É –∑–∞ –¥–∏–ø–ª–æ–º –Ω–∞ –æ–¥–∏–Ω –±–∞–ª–ª, –≤–Ω–∏–º–∞–Ω–∏–µ... –∑–∞ –Ω–µ –ø—Ä–µ–∑–µ–Ω—Ç–∞–±–µ–ª—å–Ω—ã–π –≤–Ω–µ—à–Ω–∏–π –≤–∏–¥! –ó–Ω–∞–Ω–∏—è? –ù///–π!–î–æ–±—Ä–æ–µ —É—Ç—Ä–æ!@romanov_92
13|/media/wtheisen/scratch2/telegram_video/romanov_92/266/post_266_video.mp4|Romanov –õ–∞–π—Ç ]‡£©‡£©‡£©‡£©‡£Ø‡£©‡£©‡£©‡£©‡£©‡£©‡£©‡£©‡£©‡£©‡£©‡£©‡£©‡£©‡£©‡£©‡£©‡£©‡£©‡£©‡£©‡£©‡£©‡£©‡£©‡£©–°–µ–≤–∞—Å—Ç–æ–ø–æ–ª—å—Å–∫–∞—è —á–∞–π–∫–∞
14|/media/wtheisen/scratch2/telegram_video/romanov_92/423/post_423_video.mp4|"Romanov –õ–∞–π—Ç ]‡£©‡£©‡£©‡£©‡£Ø‡£©‡£©‡£©‡£©‡£©‡£©‡£©‡£©‡£©‡£©‡£©‡£©‡£©‡£©‡£©‡£©‡£©‡£©‡£©‡£©‡£©‡£©‡£©‡£©‡£©‡£©–í–æ—Ç —Ç–∞–∫–æ–π ""–∫–æ–Ω—Ç–µ–Ω—Ç"" —Å–Ω–∏–º–∞–µ—Ç –¥–∏–ª–¥–æ-—Ç–æ–∫–µ—Ä, –∫–æ—Ç–æ—Ä—ã–π –∑–∞–¥–∞–ª –≤–æ–ø—Ä–æ—Å –ü—Ä–µ–∑–∏–¥–µ–Ω—Ç—É –æ –±–ª–æ–∫–∏—Ä–æ–≤–∫–µ —Å–æ—Ü–∏–∞–ª—å–Ω—ã—Ö —Å–µ—Ç–µ–π. –ü–æ–Ω—è—Ç–∏–µ ""–¥–Ω–æ"" –≤ –æ—á–µ—Ä–µ–¥–Ω–æ–π —Ä–∞–∑ –∑–∞–∏–≥—Ä–∞–ª–æ –Ω–æ–≤—ã–º–∏ –∫—Ä–∞—Å–∫–∞–º–∏...(18+!)@romanov_92"
15|/media/wtheisen/scratch2/telegram_video/romanov_92/106/post_106_video.mp4|Romanov –õ–∞–π—Ç ]‡£©‡£©‡£©‡£©‡£Ø‡£©‡£©‡£©‡£©‡£©‡£©‡£©‡£©‡£©‡£©‡£©‡£©‡£©‡£©‡£©‡£©‡£©‡£©‡£©‡£©‡£©‡£©‡£©‡£©‡£©‡£©–ü–µ—Ä–≤–æ–µ –∑–∞–¥–µ—Ä–∂–∞–Ω–∏–µ –≤ –°–µ–≤–∞—Å—Ç–æ–ø–æ–ª–µ. –î–æ–ø–∏–∑–¥–µ–ª—Å—è —É–ø—ã—Ä—å
16|/media/wtheisen/scratch2/telegram_video/romanov_92/425/post_425_video.mp4|Romanov –õ–∞–π—Ç ]‡£©‡£©‡£©‡£©‡£Ø‡£©‡£©‡£©‡£©‡£©‡£©‡£©‡£©‡£©‡£©‡£©‡£©‡£©‡£©‡£©‡£©‡£©‡£©‡£©‡£©‡£©‡£©‡£©‡£©‡£©‡£©@romanov_92
17|/media/wtheisen/scratch2/telegram_video/romanov_92/436/post_436_video.mp4|Romanov –õ–∞–π—Ç ]‡£©‡£©‡£©‡£©‡£Ø‡£©‡£©‡£©‡£©‡£©‡£©‡£©‡£©‡£©‡£©‡£©‡£©‡£©‡£©‡£©‡£©‡£©‡£©‡£©‡£©‡£©‡£©‡£©‡£©‡£©‡£©–ü–∞—Å—Å–∞–∂–∏—Ä—É —Å–∞–º–æ–ª–µ—Ç–∞ –ú–æ—Å–∫–≤–∞ - –ê–Ω—Ç–∞–ª–∏—è —Å—Ç–∞–ª–æ –æ—á–µ–Ω—å –∂–∞—Ä–∫–æ, –ø–æ—ç—Ç–æ–º—É –æ–Ω –Ω–µ –Ω–∞—à–µ–ª –Ω–∏—á–µ–≥–æ –ª—É—á—à–µ, —á–µ–º –æ—Ç–∫—Ä—ã—Ç—å –∞–≤–∞—Ä–∏–π–Ω—ã–π –≤—ã—Ö–æ–¥.@romanov_92
18|/media/wtheisen/scratch2/telegram_video/romanov_92/481/post_481_video.mp4|Romanov –õ–∞–π—Ç ]‡£©‡£©‡£©‡£©‡£Ø‡£©‡£©‡£©‡£©‡£©‡£©‡£©‡£©‡£©‡£©‡£©‡£©‡£©‡£©‡£©‡£©‡£©‡£©‡£©‡£©‡£©‡£©‡£©‡£©‡£©‡£©–ü–æ—Å–ª–µ–¥–Ω–∏–µ –∫–∞–¥—Ä—ã —Ä–∞–∑–±–∏–≤—à–µ–≥–æ—Å—è –ë–µ-200. –ü–∞—Ä–Ω–∏ –±—ã–ª–∏ –ª–∏—Ö–∞—á–∞–º–∏.@romanov_92
19|/media/wtheisen/scratch2/telegram_video/romanov_92/361/post_361_video.mp4|Romanov –õ–∞–π—Ç ]‡£©‡£©‡£©‡£©‡£Ø‡£©‡£©‡£©‡£©‡£©‡£©‡£©‡£©‡£©‡£©‡£©‡£©‡£©‡£©‡£©‡£©‡£©‡£©‡£©‡£©‡£©‡£©‡£©‡£©‡£©‡£©–ú–µ–¥–≤–µ–¥—å –ø–æ –¥–æ—Ä–æ–≥–µ –∏–∑ –≥. –ö—É—Ä–∏–ª—å—Å–∫–∞ –≤ –ì–æ—Ä—è—á–∏–µ –ö–ª—é—á–∏ (–æ. –ò—Ç—É—Ä—É–ø).–ü–æ–¥—Ä–∞–ª –¥–≤—É—Ö –∫–æ—Ä–æ–≤. –£–∂–µ –∑–∞—Å—Ç—Ä–µ–ª–∏–ª–∏./–≤–∏–¥–µ–æ - –†–æ–º–∞–Ω–æ–≤. 17.05.2021 @romanov_92
20|/media/wtheisen/scratch2/telegram_video/romanov_92/407/post_407_video.mp4|Romanov –õ–∞–π—Ç ]‡£©‡£©‡£©‡£©‡£Ø‡£©‡£©‡£©‡£©‡£©‡£©‡£©‡£©‡£©‡£©‡£©‡£©‡£©‡£©‡£©‡£©‡£©‡£©‡£©‡£©‡£©‡£©‡£©‡£©‡£©‡£©–ê–¥–º–∏–Ω–∫–∞ –¢–ì-–∫–∞–Ω–∞–ª–∞ –† –ò –ê 8 2 –æ—Å—É—â–µ—Å—Ç–≤–ª—è–µ—Ç –∫–æ–Ω—Ç—Ä–æ–ª—å –∑–∞ –Ω–µ –ø—Ä–æ—à–µ–¥—à–∏–º–∏ –≤–∞–∫—Ü–∏–Ω–∞—Ü–∏—é.–ê —á—Ç–æ? –ü–æ—à—å–µ–º –∏–Ω–∏—Ü–∏–∞—Ç–æ—Ä–∞–º —Ñ–æ—Ä–º—É —Å–ø–µ—Ü–∏–∞–ª—å–Ω—É—é. –ú—ã—à–∏–Ω–Ω–æ–≥–æ —Ü–≤–µ—Ç–∞. –ü—Ä–∏—Ç–∞–ª–µ–Ω–Ω—É—é. –ù–∞–≥–∞–π–∫–∏ –≤—ã–¥–∞–¥–∏–º. –ë–ª—è—Ö—É –∫—Ä–∞—Å–∏–≤—É—é –±–ª–µ—Å—Ç—è—â—É—é –ø–æ–≤–µ—Å–∏–º. –ë–µ–ª—É—é –ø–æ–≤—è–∑–æ—á–∫—É –Ω–∞ —Ä—É–∫–∞–≤ —Ç–æ–∂–µ –¥–∞–¥–∏–º. –ù—É –∏ –Ω–∞–∑–Ω–∞—á–∏–º –∏—Ö –∫–æ–Ω—Ç—Ä–æ–ª–∏—Ä—É—é—â–∏–º–∏ –∑–∞ –ø–µ—Ä–µ–¥–≤–∏–∂–µ–Ω–∏—è–º–∏ –Ω–µ –ø—Ä–∏–≤–∏—Ç—ã—Ö –ª—é–¥–µ–π. –£–≤–µ—Ä–µ–Ω, –æ–Ω–∏ –æ–ø—Ä–∞–≤–¥–∞—é—Ç –æ–∫–∞–∑–∞–Ω–Ω–æ–µ –¥–æ–≤–µ—Ä–∏–µ!@romanov_92
21|/media/wtheisen/scratch2/telegram_video/romanov_92/401/post_401_video.mp4|Romanov –õ–∞–π—Ç ]‡£©‡£©‡£©‡£©‡£Ø‡£©‡£©‡£©‡£©‡£©‡£©‡£©‡£©‡£©‡£©‡£©‡£©‡£©‡£©‡£©‡£©‡£©‡£©‡£©‡£©‡£©‡£©‡£©‡£©‡£©‡£©–ü–æ—Å–ª–µ –¥–æ–∂–¥–∏—á–∫–∞ –≤ —á–µ—Ç–≤–µ—Ä–≥ (—Å)@romanov_92
22|/media/wtheisen/scratch2/telegram_video/romanov_92/486/post_486_video.mp4|Romanov –õ–∞–π—Ç ]‡£©‡£©‡£©‡£©‡£Ø‡£©‡£©‡£©‡£©‡£©‡£©‡£©‡£©‡£©‡£©‡£©‡£©‡£©‡£©‡£©‡£©‡£©‡£©‡£©‡£©‡£©‡£©‡£©‡£©‡£©‡£©–ë–æ—Ä—Ç –ø—Ä–∏–Ω–∞–¥–ª–µ–∂–∞–ª –Ω–µ –ú–ß–° - –ë–µ-200 –ú–æ—Ä—Å–∫–æ–π –∞–≤–∏–∞—Ü–∏–∏ –í–ú–§ –†–æ—Å—Å–∏–∏.–î–∞–Ω–Ω—ã–π –±–æ—Ä—Ç –±—ã–ª –ø—Ä–∏–Ω—è—Ç –≤ —Å–æ—Å—Ç–∞–≤ –ú–ê –í–ú–§ —Ç–æ–ª—å–∫–æ –≤ –Ω–∞—á–∞–ª–µ 2020 –≥–æ–¥–∞. –õ–µ—Ç–æ–º –ø—Ä–æ—à–ª–æ–≥–æ –≥–æ–¥–∞ —É—á–∞—Å—Ç–≤–æ–≤–∞–ª –≤ –≥–ª–∞–≤–Ω–æ–º –≤–æ–µ–Ω–Ω–æ-–º–æ—Ä—Å–∫–æ–º –ø–∞—Ä–∞–¥–µ –≤ –°–∞–Ω–∫—Ç-–ü–µ—Ç–µ—Ä–±—É—Ä–≥–µ.
23|/media/wtheisen/scratch2/telegram_video/romanov_92/445/post_445_video.mp4|Romanov –õ–∞–π—Ç ]‡£©‡£©‡£©‡£©‡£Ø‡£©‡£©‡£©‡£©‡£©‡£©‡£©‡£©‡£©‡£©‡£©‡£©‡£©‡£©‡£©‡£©‡£©‡£©‡£©‡£©‡£©‡£©‡£©‡£©‡£©‡£©–°–µ–≤–∞—Å—Ç–æ–ø–æ–ª—å. –ò–¥—ë—Ç –ø–æ–¥–≥–æ—Ç–æ–≤–∫–∞ –∫ –ø–∞—Ä–∞–¥—É, –∫–æ—Ç–æ—Ä–æ–≥–æ –Ω–µ –±—É–¥–µ—Ç.@romanov_92
24|/media/wtheisen/scratch2/telegram_video/romanov_92/389/post_389_video.mp4|"Romanov –õ–∞–π—Ç ]‡£©‡£©‡£©‡£©‡£Ø‡£©‡£©‡£©‡£©‡£©‡£©‡£©‡£©‡£©‡£©‡£©‡£©‡£©‡£©‡£©‡£©‡£©‡£©‡£©‡£©‡£©‡£©‡£©‡£©‡£©‡£©–ì—É–±–µ—Ä–Ω–∞—Ç–æ—Ä –°–µ–≤–∞—Å—Ç–æ–ø–æ–ª—è –ú–∏—Ö–∞–∏–ª –†–∞–∑–≤–æ–∑–∂–∞–µ–≤ –∏ –ì—É–±–µ—Ä–Ω–∞—Ç–æ—Ä –í–æ–ª–≥–æ–≥—Ä–∞–¥—Å–∫–æ–π –æ–±–ª–∞—Å—Ç–∏ –ê–Ω–¥—Ä–π –ë–æ—á–∞—Ä–æ–≤ –ø–æ–¥–ø–∏—Å–∞–ª–∏ –Ω–∞ ""–ø–æ–ª—è—Ö"" –ü–µ—Ç–µ—Ä–±—É—Ä–≥—Å–∫–æ–≥–æ –º–µ–∂–¥—É–Ω–∞—Ä–æ–¥–Ω–æ–≥–æ —ç–∫–æ–Ω–æ–º–∏—á–µ—Å–∫–æ–≥–æ —Ñ–æ—Ä—É–º–∞ —Å–æ–≥–ª–∞—à–µ–Ω–∏–µ –æ —Å–æ—Ç—Ä—É–¥–Ω–∏—á–µ—Å—Ç–≤–µ.–ù–∞#—É—è?–û—Ç–≤–µ—Ç –ø—Ä–æ—Å—Ç: –ò–ë–î –∏ –≥–∞–ª–æ—á–∫–∞. –í —ç—Ç–æ–º –≤—Å—è —Å—É—Ç—å —á–∏–Ω–æ–≤–Ω–∏–∫–∞ —Ç–∞–∫–æ–≥–æ —Ä–∞–Ω–≥–∞ (–Ω–µ –≤—Å—è–∫–æ–≥–æ, –Ω–æ –±–æ–ª—å—à–∏–Ω—Å—Ç–≤–∞) - —Å –ø–∞—Ñ–æ—Å–Ω—ã–º –≤–∏–¥–æ–º –ø–æ–¥–ø–∏—Å—ã–≤–∞—Ç—å –Ω–∏—á–µ–≥–æ –Ω–µ –∑–Ω–∞—á–∞—â–∏–µ –∏ –Ω–µ –∫ —á–µ–º—É –Ω–µ –æ–±—è–∑—ã–≤–∞—é—â–∏–µ –±—É–º–∞–∂–∫–∏, –æ –∫–æ—Ç–æ—Ä—ã—Ö –ø—Ä–∏ —ç—Ç–æ–º –º–æ–∂–Ω–æ –∑–∞—è–≤–ª—è—Ç—å —Å —Ç–∞–∫–∏–º –≤–∏–¥–æ–º, —á—Ç–æ –≤–æ—Ç –ø—Ä—è–º–æ –ø–æ—Å—Ç—É–ø–æ–∫ –¥–æ—Å—Ç–æ–π–Ω—ã–π –≥–æ—Å. –Ω–∞–≥—Ä–∞–¥—ã. –°—á–∏—Ç–∞–π –∑–∞ –∫–æ–º–∞–Ω–¥–∏—Ä–æ–≤–æ—á–Ω—ã–µ —É–∂–µ –æ—Ç—Å—Ç—Ä–µ–ª—è–ª—Å—è. –ú–æ–ª–æ–¥–µ—Ü. –¢–µ–ø–µ—Ä—å –æ—Å—Ç–∞–ª–æ—Å—å –ø–æ–¥–ø–∏—Å–∞—Ç—å —Ç–∞–∫–æ–µ –∂–µ —Å–æ–≥–ª–∞—à–µ–Ω–∏–µ –º–µ–∂–¥—É –≥—É–±–µ—Ä–Ω–∞—Ç–æ—Ä–æ–º –∏ –∂–∏—Ç–µ–ª—è–º–∏ –°–µ–≤–∞—Å—Ç–æ–ø–æ–ª—è. –û–±–µ—â–∞—é - –ø—è—Ä –≤ —ç—Ç–æ–º —Å–ª—É—á–∞–µ –±—É–¥–µ—Ç –Ω–∞ –≤—Å—é –†–æ—Å—Å–∏—é.@romanov_92"
25|/media/wtheisen/scratch2/telegram_video/romanov_92/13/post_13_video.mp4|Romanov –õ–∞–π—Ç ]‡£©‡£©‡£©‡£©‡£Ø‡£©‡£©‡£©‡£©‡£©‡£©‡£©‡£©‡£©‡£©‡£©‡£©‡£©‡£©‡£©‡£©‡£©‡£©‡£©‡£©‡£©‡£©‡£©‡£©‡£©‡£©üìπ–í—ã–±–∏–ª–∏ —Å—Ç—Ä–∞–π–∫ –∫–æ—Ç–æ–º–û—Ç–ª–∏—á–Ω—ã–π –ø—Ä–∏–º–µ—Ä –ø–æ–¥–∞—é—Ç —Ä–µ–±–µ–Ω–∫—ÉüëçüìÉ –ü–û–ñ–Å–°–¢–ß–ï
26|/media/wtheisen/scratch2/telegram_video/romanov_92/64/post_64_video.mp4|Romanov –õ–∞–π—Ç ]‡£©‡£©‡£©‡£©‡£Ø‡£©‡£©‡£©‡£©‡£©‡£©‡£©‡£©‡£©‡£©‡£©‡£©‡£©‡£©‡£©‡£©‡£©‡£©‡£©‡£©‡£©‡£©‡£©‡£©‡£©‡£©–í –º–æ—Å–∫–æ–≤—Å–∫–æ–π –±–æ–ª—å–Ω–∏—Ü–µ –æ–±—Ä–∞–∑–æ–≤–∞–ª–∞—Å—å –æ—á–µ—Ä–µ–¥—å –∏–∑ —Å–∫–æ—Ä–æ–π –∏ –ø–∞—Ü–∏–µ–Ω—Ç–æ–≤. –í –±–æ–ª—å–Ω–∏—Ü–µ –∏–º –î–µ–º–∏—Ö–æ–≤–∞ –ø–æ—á—Ç–∏ 60 —Å–∫–æ—Ä—ã—Ö –æ–¥–Ω–æ–≤—Ä–µ–º–µ–Ω–Ω–æ —Å—Ç–æ—è—Ç –≤ –æ—á–µ—Ä–µ–¥–∏ ‚Äî –æ—Ñ–æ—Ä–º–ª—è—Ç—å –ø–∞—Ü–∏–µ–Ω—Ç–æ–≤. –û–±—ã—á–Ω–æ –ø—Ä–æ—Ü–µ–¥—É—Ä–∞ –∑–∞–Ω–∏–º–∞–µ—Ç –º–∏–Ω—É—Ç 15, –Ω–æ —Å–µ–π—á–∞—Å —è–≤–Ω—ã–π –∞–≤—Ä–∞–ª.–ù–µ—Å–∫–æ–ª—å–∫–æ —á–∞—Å–æ–≤ –ª—é–¥–∏ —Å—Ç–æ—è—Ç –≤ —Ç–µ–º–Ω–æ–º –∫–æ—Ä–∏–¥–æ—Ä–µ –∏ –∂–¥—É—Ç –æ—á–µ—Ä–µ–¥–∏, –≤—Ä–∞—á–∏ –±–µ–∑ –∫–æ—Å—Ç—é–º–æ–≤, –º–∞—Å–∫–∏ –Ω–∏–∑–∫–æ–≥–æ –∫–ª–∞—Å—Å–∞ –∑–∞—â–∏—Ç—ã ‚Äî –∞ —É –∫–æ–≥–æ-—Ç–æ –∏–∑ –ø—Ä–∏–≤–µ–∑–µ–Ω–Ω—ã—Ö –ø–∞—Ü–∏–µ–Ω—Ç–æ–≤ –ø–Ω–µ–≤–º–æ–Ω–∏—è, –∞ —É –∫–æ–≥–æ-—Ç–æ –∏ –ø–æ–¥—Ç–≤–µ—Ä–∂–¥–µ–Ω–Ω–∞—è –∫–æ—Ä–æ–Ω–∞.
27|/media/wtheisen/scratch2/telegram_video/romanov_92/484/post_484_video.mp4|Romanov –õ–∞–π—Ç ]‡£©‡£©‡£©‡£©‡£Ø‡£©‡£©‡£©‡£©‡£©‡£©‡£©‡£©‡£©‡£©‡£©‡£©‡£©‡£©‡£©‡£©‡£©‡£©‡£©‡£©‡£©‡£©‡£©‡£©‡£©‡£©–ë–æ—Ä—Ç –ø—Ä–∏–Ω–∞–¥–ª–µ–∂–∞–ª –Ω–µ –ú–ß–° - –ë–µ-200 –ú–æ—Ä—Å–∫–æ–π –∞–≤–∏–∞—Ü–∏–∏ –í–ú–§ –†–æ—Å—Å–∏–∏.–î–∞–Ω–Ω—ã–π –±–æ—Ä—Ç –±—ã–ª –ø—Ä–∏–Ω—è—Ç –≤ —Å–æ—Å—Ç–∞–≤ –ú–ê –í–ú–§ —Ç–æ–ª—å–∫–æ –≤ –Ω–∞—á–∞–ª–µ 2020 –≥–æ–¥–∞. –õ–µ—Ç–æ–º –ø—Ä–æ—à–ª–æ–≥–æ –≥–æ–¥–∞ —É—á–∞—Å—Ç–≤–æ–≤–∞–ª –≤ –≥–ª–∞–≤–Ω–æ–º –≤–æ–µ–Ω–Ω–æ-–º–æ—Ä—Å–∫–æ–º –ø–∞—Ä–∞–¥–µ –≤ –°–∞–Ω–∫—Ç-–ü–µ—Ç–µ—Ä–±—É—Ä–≥–µ.
28|/media/wtheisen/scratch2/telegram_video/romanov_92/35/post_35_video.mp4|Romanov –õ–∞–π—Ç ]‡£©‡£©‡£©‡£©‡£Ø‡£©‡£©‡£©‡£©‡£©‡£©‡£©‡£©‡£©‡£©‡£©‡£©‡£©‡£©‡£©‡£©‡£©‡£©‡£©‡£©‡£©‡£©‡£©‡£©‡£©‡£©–ó–∞–∫–ª–∞–¥–æ—á–∫–∞ –Ω–∞ –±—É–¥—É—â–µ–µ (—É–∂–µ –Ω–µ —Ç–∞–∫–æ–µ –¥–∞–ª—ë–∫–æ–µ)
29|/media/wtheisen/scratch2/telegram_video/romanov_92/197/post_197_video.mp4|Romanov –õ–∞–π—Ç ]‡£©‡£©‡£©‡£©‡£Ø‡£©‡£©‡£©‡£©‡£©‡£©‡£©‡£©‡£©‡£©‡£©‡£©‡£©‡£©‡£©‡£©‡£©‡£©‡£©‡£©‡£©‡£©‡£©‡£©‡£©‡£©–•–æ–º—è—á–∫–∏, –∏–¥–µ–∞–ª–∏–∑–∏—Ä—É—é—â–∏–µ —Å–≤–æ–µ–≥–æ –≥—É–ª—å—Ñ–∏–∫–∞, —Å–æ–≤—Å–µ–º –∑–∞–±—ã–ª–∏ –ø—Ä–æ –µ–≥–æ —Å–æ–≤—Å–µ–º –Ω–µ–¥–∞–≤–Ω–µ–µ –ø—Ä–æ—à–ª–æ–µ. –ò–º–∏–¥–∂ –º–æ–∂–Ω–æ –ø–æ–º–µ–Ω—è—Ç—å - —Å—É—â–Ω–æ—Å—Ç—å –Ω–µ—Ç.@romanov_92
30|/media/wtheisen/scratch2/telegram_video/romanov_92/439/post_439_video.mp4|Romanov –õ–∞–π—Ç ]‡£©‡£©‡£©‡£©‡£Ø‡£©‡£©‡£©‡£©‡£©‡£©‡£©‡£©‡£©‡£©‡£©‡£©‡£©‡£©‡£©‡£©‡£©‡£©‡£©‡£©‡£©‡£©‡£©‡£©‡£©‡£©–®–æ —Ç–∞–º —É —Ö///–æ–≤?–í –û–¥–µ—Å—Å–µ —Å—É–µ—Ç–æ–ª–æ–≥–∏ (–∏–∑ –Ω–∞—à–∏—Ö —é–∂–Ω—ã—Ö —Ä–µ—Å–ø—É–±–ª–∏–∫?) —Å–µ–≥–æ–¥–Ω—è –¥–Ω—ë–º –æ—Ç–º–µ—Ç–∏–ª–∏ —Å–≤–∞–¥—å–±—É, —Å–ª–æ–≤–Ω–æ –æ–Ω–∏ –Ω–∞—Ö–æ–¥–∏–ª–∏—Å—å –≤ –ú–∞—Å–∫–≤–∞–±–∞–¥–µ. –°–Ω–∞—á–∞–ª–∞ –æ–Ω–∏ –ø–æ—Å—Ç—Ä–µ–ª—è–ª–∏ –∏–∑ –∞–≤—Ç–æ–º–∞—Ç–∞ –≤–æ–∑–¥—É—Ö, –∞ –ø–æ—Ç–æ–º –æ—Ç –¥—É—à–∏ –ø–æ–¥—Ä–∏—Ñ—Ç–∏–ª–∏–ª.–ú–µ—Å—Ç–Ω—ã–µ –ø–æ–ª–∏—Ü–∞–∏ –Ω–µ –æ—Å—Ç–∞–≤–∏–ª–∏ —ç—Ç–æ –±–µ–∑ –≤–Ω–∏–º–∞–Ω–∏—è –∏ –ø–æ–¥–∫–ª—é—á–∏–ª–∏—Å—å –∫ —Ç–æ—Ä–∂–µ—Å—Ç–≤–∞–º —É–∂–µ –≤ —Å–≤–æ—ë–º —Å—Ç–∏–ª–µ.–ü–æ—Å–ª–µ–¥–Ω–∏–π —Ä–æ–ª–∏–∫ - –∏–∑–≤–∏–Ω–µ–Ω–∏—è –ø–∞—Å—Å–∞–∂–∏—Ä–∞, –∫–æ—Ç–æ—Ä—ã–π –æ—Ç–∫—Ä—ã–ª —Å—Ç—Ä–µ–ª—å–±—É –≤ –û–¥–µ—Å—Å–µ. (–ò–∑–≤–∏–Ω–∏—Ç–µ –∑–∞ –ø–æ—Å—Ç, –¥–æ–Ω). –°–∏—Ç—É–∞—Ü–∏—è —Å—Ç–∞–ª–∞ –µ—â—ë —Å–º–µ—à–Ω–µ–µ, –∫–æ–≥–¥–∞ –æ–∫–∞–∑–∞–ª–æ—Å—å, —á—Ç–æ –æ–Ω —É–∫—Ä–∞–∏–Ω–µ—Ü, –∫–æ—Ç–æ—Ä—ã–π –∫–æ—Å–∏–ª –ø–æ–¥ —á–µ—á–µ–Ω—Ü–∞.@romanov_92
31|/media/wtheisen/scratch2/telegram_video/romanov_92/282/post_282_video.mp4|"Romanov –õ–∞–π—Ç ]‡£©‡£©‡£©‡£©‡£Ø‡£©‡£©‡£©‡£©‡£©‡£©‡£©‡£©‡£©‡£©‡£©‡£©‡£©‡£©‡£©‡£©‡£©‡£©‡£©‡£©‡£©‡£©‡£©‡£©‡£©‡£©""–ò–¥–∏ —Å—é–¥–∞ –º*–∞–∑—ä"" (—Å)–°—ã–Ω–∞ –ñ–∏—Ä–∏–Ω–æ–≤—Å–∫–æ–≥–æ –∏–∑–±–∏–ª–∏ –≤ –º–æ—Å–∫–æ–≤—Å–∫–æ–º –∞—ç—Ä–æ–ø–æ—Ä—Ç—É–ò–Ω—Ü–∏–¥–µ–Ω—Ç –ø—Ä–æ–∏–∑–æ—à–µ–ª –≤–æ ¬´–í–Ω—É–∫–æ–≤–æ¬ª –≤–µ—á–µ—Ä–æ–º 12¬†–∞–ø—Ä–µ–ª—è.–ú–ª–∞–¥—à–∏–π —Å—ã–Ω –ª–∏–¥–µ—Ä–∞ –õ–î–ü–† –í–ª–∞–¥–∏–º–∏—Ä–∞ –ñ–∏—Ä–∏–Ω–æ–≤—Å–∫–æ–≥–æ –û–ª–µ–≥ –≠–π–¥–µ–ª—å—à—Ç–µ–π–Ω –ø–æ—Å—Ç—Ä–∞–¥–∞–ª –≤ —Ä–µ–∑—É–ª—å—Ç–∞—Ç–µ –Ω–∞–ø–∞–¥–µ–Ω–∏—è –≤ –º–æ—Å–∫–æ–≤—Å–∫–æ–º –∞—ç—Ä–æ–ø–æ—Ä—Ç—É ¬´–í–Ω—É–∫–æ–≤–æ¬ª. –û–± —ç—Ç–æ–º —Å–æ–æ–±—â–∞–µ—Ç ¬´–ú–ö¬ª —Å–æ —Å—Å—ã–ª–∫–æ–π –Ω–∞ –¢–µ–ª–µ–≥—Ä–∞–º-–∫–∞–Ω–∞–ª Baza.–ò–Ω—Ü–∏–¥–µ–Ω—Ç –ø—Ä–æ–∏–∑–æ—à–µ–ª –ø–æ–∑–¥–Ω–æ –≤–µ—á–µ—Ä–æ–º 12 –∞–ø—Ä–µ–ª—è, –∫–æ–≥–¥–∞ –≤–Ω–µ–±—Ä–∞—á–Ω—ã–π —Å—ã–Ω –ø–æ–ª–∏—Ç–∏–∫–∞ –ø—Ä–∏–ª–µ—Ç–µ–ª –≤ –ú–æ—Å–∫–≤—É –∏–∑ –í–ª–∞–¥–∏–∫–∞–≤–∫–∞–∑–∞. –ù–∞ —Ç–æ–º –∂–µ —Å–∞–º–æ–ª–µ—Ç–µ –≤ —Å—Ç–æ–ª–∏—Ü—É –ø—Ä–∏–µ—Ö–∞–ª –∏ —Å—ã–Ω –æ—Ç–ø—Ä–∞–≤–ª–µ–Ω–Ω–æ–≥–æ –≤ –æ—Ç—Å—Ç–∞–≤–∫—É –≥–ª–∞–≤—ã –°–µ–≤–µ—Ä–Ω–æ–π –û—Å–µ—Ç–∏–∏ –í—è—á–µ—Å–ª–∞–≤–∞ –ë–∏—Ç–∞—Ä–æ–≤–∞. –ü–æ –¥–∞–Ω–Ω—ã–º –∏–∑–¥–∞–Ω–∏—è, –≤–æ ¬´–í–Ω—É–∫–æ–≤–æ¬ª —É –ë–∏—Ç–∞—Ä–æ–≤–∞-–º–ª–∞–¥—à–µ–≥–æ –ø—Ä–æ–∏–∑–æ—à–µ–ª –∫–æ–Ω—Ñ–ª–∏–∫—Ç —Å —Å—ã–Ω–æ–º –ñ–∏—Ä–∏–Ω–æ–≤—Å–∫–æ–≥–æ, –≤ —Ö–æ–¥–µ –∫–æ—Ç–æ—Ä–æ–≥–æ –ø–µ—Ä–≤—ã–π –∏–∑–±–∏–ª –≤—Ç–æ—Ä–æ–≥–æ.–û—Ç–º–µ—á–∞–µ—Ç—Å—è, —á—Ç–æ –≠–π–¥–µ–ª—å—à—Ç–µ–π–Ω —É–∂–µ –ø–æ–∂–∞–ª–æ–≤–∞–ª—Å—è –Ω–∞ –æ–±–∏–¥—á–∏–∫–∞ –≤ –ø–æ–ª–∏—Ü–∏—é. –ü–æ –Ω–µ–∫–æ—Ç–æ—Ä—ã–º –¥–∞–Ω–Ω—ã–º, –ø—Ä–∏—á–∏–Ω–æ–π –∫–æ–Ω—Ñ–ª–∏–∫—Ç–∞ –º–æ–≥ —Å—Ç–∞—Ç—å –ø–æ–ª–∏—Ç–∏—á–µ—Å–∫–∏–π —Å–ø–æ—Ä.–†–∞–Ω–µ–µ, –∫–∞–∫ –æ—Ç–º–µ—á–µ–Ω–æ –Ω–∞ —Å–∞–π—Ç–µ –¢–ê–°–°, –≤ –∏–Ω—Ç–µ—Ä–≤—å—é –ª–∏–¥–µ—Ä –õ–î–ü–† –í–ª–∞–¥–∏–º–∏—Ä –ñ–∏—Ä–∏–Ω–æ–≤—Å–∫–∏–π –ø—Ä–∏–∑–Ω–∞–≤–∞–ª, —á—Ç–æ —É –Ω–µ–≥–æ –µ—â–µ –µ—Å—Ç—å –≤–Ω–µ–±—Ä–∞—á–Ω—ã–µ –¥–µ—Ç–∏: –¥–æ—á—å ‚Äî –ê–Ω–∞—Å—Ç–∞—Å–∏—è –ü–µ—Ç—Ä–æ–≤–∞, —Å—ã–Ω ‚Äî –û–ª–µ–≥ –ì–∞–∑–¥–∞—Ä–æ–≤ (–≠–π–¥–µ–ª—å—à—Ç–µ–π–Ω)./–ø–æ –º–∞—Ç–µ—Ä–∏–∞–ª—É –†–æ—Å–ë–∞–ª—Ç–∞@romanov_92"
32|/media/wtheisen/scratch2/telegram_video/romanov_92/427/post_427_video.mp4|Romanov –õ–∞–π—Ç ]‡£©‡£©‡£©‡£©‡£Ø‡£©‡£©‡£©‡£©‡£©‡£©‡£©‡£©‡£©‡£©‡£©‡£©‡£©‡£©‡£©‡£©‡£©‡£©‡£©‡£©‡£©‡£©‡£©‡£©‡£©‡£©–í–∏–¥–µ–æ —Å –º–µ—Å—Ç–∞ –∫—Ä—É—à–µ–Ω–∏—è –ê–Ω-26 –Ω–∞ –ö–∞–º—á–∞—Ç–∫–µ. –°—É–¥—è –≤–æ –≤—Å–µ–º—É, —Å–∞–º–æ–ª—ë—Ç –≤—Ä–µ–∑–∞–ª—Å—è –≤ –ø—Ä–∏–±—Ä–µ–∂–Ω—É—é —Å–∫–∞–ª—É. –í–∏–¥–µ–æ ‚Ññ2: –ü–æ—Å–∞–¥–∫–∞ –Ω–∞ –ü–∞–ª–∞–Ω–µ, –Ω–µ–¥–∞–ª–µ–∫–æ –æ—Ç –∫–æ—Ç–æ—Ä–æ–≥–æ —Ä–∞–∑–±–∏–ª—Å—è –ê–Ω-26, –Ω–µ –∏–∑ –ª—ë–≥–∫–∏—Ö ‚Äî –æ–∫–æ–ª–æ –ø–æ–ª–æ—Å—ã –Ω–∞—Ö–æ–¥–∏—Ç—Å—è —Ç–∞ —Å–∞–º–∞—è —Å–æ–ø–∫–∞, –≤ –∫–æ—Ç–æ—Ä—É—é —Å–µ–≥–æ–¥–Ω—è –≤—Ä–µ–∑–∞–ª—Å—è —Å–∞–º–æ–ª—ë—Ç.–ò—Å—Ç–æ—á–Ω–∏–∫: @bazabazon@romanov_92
33|/media/wtheisen/scratch2/telegram_video/romanov_92/396/post_396_video.mp4|"Romanov –õ–∞–π—Ç ]‡£©‡£©‡£©‡£©‡£Ø‡£©‡£©‡£©‡£©‡£©‡£©‡£©‡£©‡£©‡£©‡£©‡£©‡£©‡£©‡£©‡£©‡£©‡£©‡£©‡£©‡£©‡£©‡£©‡£©‡£©‡£©–í –æ–±—â–µ–º —Å–µ–π—á–∞—Å –±—É–¥–µ—Ç –∞–º–æ—Ä–∞–ª–∫–∞. –û—á–µ–Ω—å –ù–ï –†–ï–ö–û–ú–ï–ù–î–£–Æ —Å–º–æ—Ç—Ä–µ—Ç—å –¥–∞–Ω–Ω–æ–µ –≤–∏–¥–µ–æ. –ù–æ –æ–Ω–æ –Ω—É–∂–Ω–æ, —á—Ç–æ–±—ã –ø–æ–Ω—è—Ç—å –≤—Å—é ""–ø–∏–∫–∞–Ω—Ç–Ω–æ—Å—Ç—å"" —Å–∏—Ç—É–∞—Ü–∏–∏.–§–∞–±—É–ª–∞: ""–ë–ª–æ–≥–µ—Ä–∞"" –•–æ–≤–∞–Ω—Å–∫–æ–≥–æ –æ–ø—Ä–µ–¥–∏–ª–∏–ª–∏ –Ω–∞ 2 –º–µ—Å—è—Ü–∞ –Ω–∞ –°–ò–ó–û. –ï–º—É –≤–º–µ–Ω—è–µ—Ç—Å—è —Å—Ç. 205.2 –£–ö –†–§.–°–∫–∞–∂–∏—Ç–µ, –ø—Ä–∏—á–µ–º —Ç—É—Ç –≤–∏–¥–µ–æ?@romanov_92"
34|/media/wtheisen/scratch2/telegram_video/romanov_92/405/post_405_video.mp4|Romanov –õ–∞–π—Ç ]‡£©‡£©‡£©‡£©‡£Ø‡£©‡£©‡£©‡£©‡£©‡£©‡£©‡£©‡£©‡£©‡£©‡£©‡£©‡£©‡£©‡£©‡£©‡£©‡£©‡£©‡£©‡£©‡£©‡£©‡£©‡£©–û–≥—É—Ä—á–∏–∫! –ë–æ–¥—Ä–µ–Ω—å–∫–∏–π! –í–æ—Ç —á—Ç–æ –ö–ì–ë –∂–∏–≤–æ—Ç–≤–æ—Ä—è—â–µ–µ –¥–µ–ª–∞–µ—Ç! –ü–æ–¥–æ–∂–¥–∏—Ç–µ, –±—É–¥–µ—Ç –µ—â—ë –Ω–∞ –∏—Ö –¢–í –±–ª–∏—Å—Ç–∞—Ç—å –Ω–∞ —É—Ä–æ–≤–Ω–µ –Ω–∞—à–µ–≥–æ –ö–∏—Å–µ–ª—ë–≤–∞!@romanov_92
35|/media/wtheisen/scratch2/telegram_video/romanov_92/491/post_491_video.mp4|Romanov –õ–∞–π—Ç ]‡£©‡£©‡£©‡£©‡£Ø‡£©‡£©‡£©‡£©‡£©‡£©‡£©‡£©‡£©‡£©‡£©‡£©‡£©‡£©‡£©‡£©‡£©‡£©‡£©‡£©‡£©‡£©‡£©‡£©‡£©‡£©–£—Ä–∞–ª—å—Å–∫–∏–π –∂—É—Ä–Ω–∞–ª–∏—Å—Ç –∏ —Ç–µ–ª–µ–≤–µ–¥—É—â–∏–π –ò–Ω–Ω–æ–∫–µ–Ω—Ç–∏–π –®–µ—Ä–µ–º–µ—Ç –æ–±—å—è–≤–∏–ª –æ –∑–∞–∫—Ä—ã—Ç–∏–∏ —Å–≤–æ–µ–≥–æ –ø—Ä–æ–µ–∫—Ç–∞ –¢–ê–£ 9/2 –∏ –æ–±–≤–∏–Ω–∏–ª –≤ —ç—Ç–æ–º –ü—É—Ç–∏–Ω–∞, –∫–æ—Ç–æ—Ä—ã–π, –ø–æ –µ–≥–æ —Å–ª–æ–≤–∞–º, –ø—É—Å—Ç–∏–ª –≤—ã—Å–æ–∫–æ—Å–∫–æ—Ä–æ—Å—Ç–Ω–æ–π –∏–Ω—Ç–µ—Ä–Ω–µ—Ç –≤ –†–æ—Å—Å–∏—é.–ñ–∞–ª—å. –ê–≤—Ç–æ—Ä—Å–∫–∞—è –ø–æ–¥–∞—á–∞ —Ä–æ–ª–∏–∫–æ–≤ –Ω–∞ –Æ—Ç—é–±–µ —É –Ω–µ–≥–æ –±—ã–ª–∞ –ø—Ä–æ—Å—Ç–æ –±–æ–º–±–∏—á–µ—Å–∫–∞—è. @romanov_92
36|/media/wtheisen/scratch2/telegram_video/romanov_92/443/post_443_video.mp4|Romanov –õ–∞–π—Ç ]‡£©‡£©‡£©‡£©‡£Ø‡£©‡£©‡£©‡£©‡£©‡£©‡£©‡£©‡£©‡£©‡£©‡£©‡£©‡£©‡£©‡£©‡£©‡£©‡£©‡£©‡£©‡£©‡£©‡£©‡£©‡£©–°–µ–≤–∞—Å—Ç–æ–ø–æ–ª—å. –ò–¥—ë—Ç –ø–æ–¥–≥–æ—Ç–æ–≤–∫–∞ –∫ –ø–∞—Ä–∞–¥—É, –∫–æ—Ç–æ—Ä–æ–≥–æ –Ω–µ –±—É–¥–µ—Ç.@romanov_92
37|/media/wtheisen/scratch2/telegram_video/romanov_92/363/post_363_video.mp4|"Romanov –õ–∞–π—Ç ]‡£©‡£©‡£©‡£©‡£Ø‡£©‡£©‡£©‡£©‡£©‡£©‡£©‡£©‡£©‡£©‡£©‡£©‡£©‡£©‡£©‡£©‡£©‡£©‡£©‡£©‡£©‡£©‡£©‡£©‡£©‡£©–í–æ—Ç —ç—Ç–æ —á—É–¥–æ –æ–ø—è—Ç—å –≤ –ó–° —Å–æ–±—Ä–∞–ª–æ—Å—å.–ß–µ–º –∑–Ω–∞–º–µ–Ω–∏—Ç? –ö–∞—á–∞–ª –ø—Ä–æ—Ç–∏–≤ –ø—Ä–æ–µ–∫—Ç–∞ –ú–∏–Ω–∏—Å—Ç–µ—Ä—Å—Ç–≤–∞ –æ–±–æ—Ä–æ–Ω—ã –†–æ—Å—Å–∏–π—Å–∫–æ–π –§–µ–¥–µ—Ä–∞—Ü–∏–∏ ""–§–∏–ª–∏–∞–ª –ü–∞—Ä–∫–∞ –ü–∞—Ç—Ä–∏–æ—Ç —É –≥–æ—Ä—ã –ì–∞—Å—Ñ–æ—Ä—Ç–∞"" (3 —è—Ä–¥–∞ –∏–Ω–≤–µ—Å—Ç–∏—Ü–∏–π –∑–∞—è–≤–∏–ª–∏ –ú–û –∏ –µ—â—ë 3 –ú–∏–Ω–ö—É–ª—å—Ç). –ü–æ—á–µ–º—É –∫–∞—á–∞–ª –ø—Ä–æ—Ç–∏–≤? –ù–∞ –∑–µ–º–ª—é, –≥–¥–µ –ú–û –ø—Ä–µ–¥–ª–∞–≥–∞–ª–æ —Ä–∞–∑–º–µ—Å—Ç–∏—Ç—å –ü–∞—Ä–∫ –∏–º–µ–µ—Ç –≤–∏–¥—ã –ë–†–£ —Å –ø—Ä–æ–µ–∫—Ç–æ–º —ç–ª–∏—Ç–Ω–æ–≥–æ –∫–æ—Ç—Ç–µ–¥–∂–Ω–æ–≥–æ –ø–æ—Å—ë–ª–∫–∞ ""–ë–∞–ª–∞–∫–ª–∞–≤–∞ –ì—Ä–∏–Ω"". –ö–æ–Ω–µ—á–Ω—ã–π –∏–Ω—Ç–µ—Ä–µ—Å–∞–Ω—Ç - —É–∫—Ä–∞–∏–Ω—Å–∫–∏–π –æ–ª–∏–≥–∞—Ä—Ö –ù–æ–≤–∏–Ω—Å–∫–∏–π. –ö–æ—Ä–µ—à –ß–∞–ª–æ–≤–∞. –ö—Å—Ç–∞—Ç–∏ –ø–æ—Å–ª–µ–¥–Ω–∏–π –ø–æ—Ç–æ–º –ø–æ—è–≤–∏–ª—Å—è –Ω–∞ –∏–Ω–≤–µ—Å—Ç–∏—Ü–∏–æ–Ω–Ω–æ–º —Ñ–æ—Ä—É–º–µ –≤ –°–æ—á–∏ –∫–∞–∫-—Ä–∞–∑ —Å —ç—Ç–∏–º –ø—Ä–æ–µ–∫—Ç–æ–º ""–ë–∞–ª–∞–∫–ª–∞–≤–∞ –ì—Ä–∏–Ω"". –ö–∞–∫ –∏—Ç–æ–≥ - –ú–û –æ—Ç–∫–∞–∑–∞–ª–æ—Å—å –æ—Ç –ø—Ä–æ–µ–∫—Ç–∞, —Ä–∞—Å–∫–∏–¥–∞–≤ –ø–æ –≥–æ—Ä–æ–¥—É –ø–∞—Ä—É –º–µ–ª–∫–∏—Ö –æ–±—ä–µ–∫—Ç–æ–≤ - —á–∏—Å—Ç–æ –¥–ª—è –≤–∏–¥—É –∏ —á—Ç–æ –±—ã –Ω–µ –ø–æ—Ç–µ—Ä—è—Ç—å –ª–∏—Ü–æ.–í–æ—Ç —Ç–∞–∫–æ–µ –≤–æ—Ç —á—É–¥–æ –æ–ø—è—Ç—å —Ä–≤–µ—Ç—Å—è –∑–∞ –∫—Å–∏–≤–æ–π...@romanov_92"
38|/media/wtheisen/scratch2/telegram_video/romanov_92/195/post_195_video.mp4|Romanov –õ–∞–π—Ç ]‡£©‡£©‡£©‡£©‡£Ø‡£©‡£©‡£©‡£©‡£©‡£©‡£©‡£©‡£©‡£©‡£©‡£©‡£©‡£©‡£©‡£©‡£©‡£©‡£©‡£©‡£©‡£©‡£©‡£©‡£©‡£©
39|/media/wtheisen/scratch2/telegram_video/romanov_92/408/post_408_video.mp4|Romanov –õ–∞–π—Ç ]‡£©‡£©‡£©‡£©‡£Ø‡£©‡£©‡£©‡£©‡£©‡£©‡£©‡£©‡£©‡£©‡£©‡£©‡£©‡£©‡£©‡£©‡£©‡£©‡£©‡£©‡£©‡£©‡£©‡£©‡£©‡£©–¢–µ–ø–µ—Ä—å —è –∑–Ω–∞—é –∫–∞–∫ –ø—Ä–∞–≤–∏–ª—å–Ω–æ –æ—Ç–Ω–æ—Å–∏—Ç—å—Å—è –∫ –æ–±–µ—â–∞–Ω–∏—è–º–∏ –Ω–µ —Ü–µ–ø–ª—è—Ç—å—Å—è –∑–∞ –≤–ª–∞—Å—Ç—å –∏ –Ω–µ –ø–æ–≤—ã—à–∞—Ç—å –ø–µ–Ω—Å–∏–æ–Ω–Ω—ã–π –≤–æ–∑—Ä–∞—Å—Ç.@romanov_92
40|/media/wtheisen/scratch2/telegram_video/romanov_92/79/post_79_video.mp4|Romanov –õ–∞–π—Ç ]‡£©‡£©‡£©‡£©‡£Ø‡£©‡£©‡£©‡£©‡£©‡£©‡£©‡£©‡£©‡£©‡£©‡£©‡£©‡£©‡£©‡£©‡£©‡£©‡£©‡£©‡£©‡£©‡£©‡£©‡£©‡£©
41|/media/wtheisen/scratch2/telegram_video/romanov_92/485/post_485_video.mp4|Romanov –õ–∞–π—Ç ]‡£©‡£©‡£©‡£©‡£Ø‡£©‡£©‡£©‡£©‡£©‡£©‡£©‡£©‡£©‡£©‡£©‡£©‡£©‡£©‡£©‡£©‡£©‡£©‡£©‡£©‡£©‡£©‡£©‡£©‡£©‡£©–ë–æ—Ä—Ç –ø—Ä–∏–Ω–∞–¥–ª–µ–∂–∞–ª –Ω–µ –ú–ß–° - –ë–µ-200 –ú–æ—Ä—Å–∫–æ–π –∞–≤–∏–∞—Ü–∏–∏ –í–ú–§ –†–æ—Å—Å–∏–∏.–î–∞–Ω–Ω—ã–π –±–æ—Ä—Ç –±—ã–ª –ø—Ä–∏–Ω—è—Ç –≤ —Å–æ—Å—Ç–∞–≤ –ú–ê –í–ú–§ —Ç–æ–ª—å–∫–æ –≤ –Ω–∞—á–∞–ª–µ 2020 –≥–æ–¥–∞. –õ–µ—Ç–æ–º –ø—Ä–æ—à–ª–æ–≥–æ –≥–æ–¥–∞ —É—á–∞—Å—Ç–≤–æ–≤–∞–ª –≤ –≥–ª–∞–≤–Ω–æ–º –≤–æ–µ–Ω–Ω–æ-–º–æ—Ä—Å–∫–æ–º –ø–∞—Ä–∞–¥–µ –≤ –°–∞–Ω–∫—Ç-–ü–µ—Ç–µ—Ä–±—É—Ä–≥–µ.
42|/media/wtheisen/scratch2/telegram_video/romanov_92/118/post_118_video.mp4|Romanov –õ–∞–π—Ç ]‡£©‡£©‡£©‡£©‡£Ø‡£©‡£©‡£©‡£©‡£©‡£©‡£©‡£©‡£©‡£©‡£©‡£©‡£©‡£©‡£©‡£©‡£©‡£©‡£©‡£©‡£©‡£©‡£©‡£©‡£©‡£©–ë–æ–ª–µ–µ—Ç –∫–æ–Ω–µ—á–Ω–æ –∑–∞ –¥–µ–ª–æ –ù–∞—Ç–∞–ª—å—è –†–æ–º–∞–Ω—å–∫–æ–≤–∞ ‚Äî –∑–∞–≤–µ–¥—É—é—â–∞—è –ø–æ–¥—Å—Ç–∞–Ω—Ü–∏–µ–π –º–æ—Å–∫–æ–≤—Å–∫–æ–π —Å–∫–æ—Ä–æ–π –ø–æ–º–æ—â–∏, –Ω–æ –Ω–∞–º —Ç–∞–∫–æ–π —Ä—É–∫–æ–≤–æ–¥–∏—Ç–µ–ª—å –≤ –°–µ–≤–∞—Å—Ç–æ–ø–æ–ª–µ –Ω–µ –Ω—É–∂–µ–Ω. –£ –Ω–∞—Å —É–∂–µ –µ—Å—Ç—å –∏ –ø—Ä–æ—Å—Ç–æ —Å–≤—è—Ç—ã–µ!
43|/media/wtheisen/scratch2/telegram_video/romanov_92/441/post_441_video.mp4|Romanov –õ–∞–π—Ç ]‡£©‡£©‡£©‡£©‡£Ø‡£©‡£©‡£©‡£©‡£©‡£©‡£©‡£©‡£©‡£©‡£©‡£©‡£©‡£©‡£©‡£©‡£©‡£©‡£©‡£©‡£©‡£©‡£©‡£©‡£©‡£©–®–æ —Ç–∞–º —É —Ö///–æ–≤?–í –û–¥–µ—Å—Å–µ —Å—É–µ—Ç–æ–ª–æ–≥–∏ (–∏–∑ –Ω–∞—à–∏—Ö —é–∂–Ω—ã—Ö —Ä–µ—Å–ø—É–±–ª–∏–∫?) —Å–µ–≥–æ–¥–Ω—è –¥–Ω—ë–º –æ—Ç–º–µ—Ç–∏–ª–∏ —Å–≤–∞–¥—å–±—É, —Å–ª–æ–≤–Ω–æ –æ–Ω–∏ –Ω–∞—Ö–æ–¥–∏–ª–∏—Å—å –≤ –ú–∞—Å–∫–≤–∞–±–∞–¥–µ. –°–Ω–∞—á–∞–ª–∞ –æ–Ω–∏ –ø–æ—Å—Ç—Ä–µ–ª—è–ª–∏ –∏–∑ –∞–≤—Ç–æ–º–∞—Ç–∞ –≤–æ–∑–¥—É—Ö, –∞ –ø–æ—Ç–æ–º –æ—Ç –¥—É—à–∏ –ø–æ–¥—Ä–∏—Ñ—Ç–∏–ª–∏–ª.–ú–µ—Å—Ç–Ω—ã–µ –ø–æ–ª–∏—Ü–∞–∏ –Ω–µ –æ—Å—Ç–∞–≤–∏–ª–∏ —ç—Ç–æ –±–µ–∑ –≤–Ω–∏–º–∞–Ω–∏—è –∏ –ø–æ–¥–∫–ª—é—á–∏–ª–∏—Å—å –∫ —Ç–æ—Ä–∂–µ—Å—Ç–≤–∞–º —É–∂–µ –≤ —Å–≤–æ—ë–º —Å—Ç–∏–ª–µ.–ü–æ—Å–ª–µ–¥–Ω–∏–π —Ä–æ–ª–∏–∫ - –∏–∑–≤–∏–Ω–µ–Ω–∏—è –ø–∞—Å—Å–∞–∂–∏—Ä–∞, –∫–æ—Ç–æ—Ä—ã–π –æ—Ç–∫—Ä—ã–ª —Å—Ç—Ä–µ–ª—å–±—É –≤ –û–¥–µ—Å—Å–µ. (–ò–∑–≤–∏–Ω–∏—Ç–µ –∑–∞ –ø–æ—Å—Ç, –¥–æ–Ω). –°–∏—Ç—É–∞—Ü–∏—è —Å—Ç–∞–ª–∞ –µ—â—ë —Å–º–µ—à–Ω–µ–µ, –∫–æ–≥–¥–∞ –æ–∫–∞–∑–∞–ª–æ—Å—å, —á—Ç–æ –æ–Ω —É–∫—Ä–∞–∏–Ω–µ—Ü, –∫–æ—Ç–æ—Ä—ã–π –∫–æ—Å–∏–ª –ø–æ–¥ —á–µ—á–µ–Ω—Ü–∞.@romanov_92
44|/media/wtheisen/scratch2/telegram_video/romanov_92/355/post_355_video.mp4|"Romanov –õ–∞–π—Ç ]‡£©‡£©‡£©‡£©‡£Ø‡£©‡£©‡£©‡£©‡£©‡£©‡£©‡£©‡£©‡£©‡£©‡£©‡£©‡£©‡£©‡£©‡£©‡£©‡£©‡£©‡£©‡£©‡£©‡£©‡£©‡£©–§–µ–µ—Ä–∏—á–µ—Å–∫–∏–π –¥–æ–ª–±–æ#–± ""–º–∏–Ω–∏—Ä—É–µ—Ç"" –ø–æ —Ç–µ–ª–µ—Ñ–æ–Ω—É –∞—ç—Ä–æ–ø–æ—Ä—Ç –≤ –Ø–∫—É—Ç–∏–∏.–ñ–∞–∂–¥–∞–ª 96 –µ–¥–∏–Ω–∏—Ü –∏ –≤–µ—Ä—Ç—É—à–∫—É...‚Äî –ù—É –∏ –≤ –∫–∞–∫–æ–º —Å–∞–º–æ–ª—ë—Ç–µ –±–æ–º–±–∞ –∑–∞–ª–æ–∂–µ–Ω–∞? ‚Äî –í –±–µ–ª–æ–º! ‚Äî –í –∫–∞–∫–æ–º –±–µ–ª–æ–º? ‚Äî –ú–Ω–µ —Å–∫–∞–∑–∞—Ç—å, —á—Ç–æ–±—ã –≤—ã –µ—ë —Ä–∞–∑–º–∏–Ω–∏—Ä–æ–≤–∞–ª–∏? –í–∏–¥–µ –≤–∑—è—Ç–æ –∏–∑ –¢–ì-–∫–∞–Ω–∞–ª–∞ BAZA:https://t.me/bazabazon@romanov_92"
45|/media/wtheisen/scratch2/telegram_video/romanov_92/349/post_349_video.mp4|"Romanov –õ–∞–π—Ç ]‡£©‡£©‡£©‡£©‡£Ø‡£©‡£©‡£©‡£©‡£©‡£©‡£©‡£©‡£©‡£©‡£©‡£©‡£©‡£©‡£©‡£©‡£©‡£©‡£©‡£©‡£©‡£©‡£©‡£©‡£©‡£©–†–∞–º–∑–∞–Ω –ê—Ö–º–∞—Ç–æ–≤–∏—á –ö–∞–¥—ã—Ä–æ–≤ –æ –•–∞–±–∏–±–µ –ê–±–¥—É–ª–º–∞–Ω–∞–ø–æ–≤–∏—á–µ –ù—É—Ä–º–∞–≥–æ–º–µ–¥–æ–≤–µ. ""–ï—Å–ª–∏ –æ–Ω –Ω–µ –ø—Ä–æ–µ–∫—Ç, —Ç–æ —è –Ω–∏–∫–æ–≥–¥–∞ –Ω–µ –≤–∏–¥–µ–ª, —á—Ç–æ–±—ã –Ω–∞—à –±—Ä–∞—Ç –•–∞–±–∏–± –≤—ã—Å—Ç—É–ø–∞–ª —Å —Ñ–ª–∞–≥–æ–º –†–æ—Å—Å–∏–π—Å–∫–æ–π –§–µ–¥–µ—Ä–∞—Ü–∏–∏ –∏–ª–∏ –î–∞–≥–µ—Å—Ç–∞–Ω–∞, –∏–ª–∏ –Ω–µ –∑–Ω–∞—é –µ—â—ë, –∫–∞–∫ —Ç–∞–º...""@romanov_92"
46|/media/wtheisen/scratch2/telegram_video/romanov_92/289/post_289_video.mp4|Romanov –õ–∞–π—Ç ]‡£©‡£©‡£©‡£©‡£Ø‡£©‡£©‡£©‡£©‡£©‡£©‡£©‡£©‡£©‡£©‡£©‡£©‡£©‡£©‡£©‡£©‡£©‡£©‡£©‡£©‡£©‡£©‡£©‡£©‡£©‡£©–ò—Å–∫–ª—é—á–∏–≤ –∏–∑ –æ—Å–Ω–æ–≤–Ω–æ–π –¥–µ—è—Ç–µ–ª—å–Ω–æ—Å—Ç–∏ –∫–æ–Ω–∫—É—Ä—Å–Ω—ã–µ –ø—Ä–æ—Ü–µ–¥—É—Ä—ã, –†–∞–∑–≤–æ–∂–∞–µ–≤ –ø–æ–Ω–∏–∑–∏–ª –¥–æ —Å—Ç–∞—Ç—É—Å–∞  ¬´—Å—Ç–∞—Ç–∏—Å—Ç¬ª —Å–∞–º–æ–≥–æ –∫–æ—Ä—Ä—É–ø—Ü–∏–æ–Ω–Ω–æ–≥–æ –∏ —Å–∫–∞–Ω–¥–∞–ª—å–Ω–æ–≥–æ –º–µ–¥–∑–∞–∫–∞–∑—á–∏–∫–∞ –ì–ë–£–ó –° ¬´–ú–ò–ê–¶¬ª, —á–µ—Ä–µ–∑ –∫–æ—Ç–æ—Ä–æ–≥–æ, –∫–∞–∫ –≥–æ—Ä—è—á–∏–µ –ø–∏—Ä–æ–∂–∫–∏, —Ä–∞—Å—Ö–æ–¥–∏–ª–∏—Å—å –≥–æ—Å–∑–∞–∫–∞–∑—ã –æ—Ç –∑–∞–∫—É–ø–æ–∫ –∞–Ω—Ç–∏—Å–µ–ø—Ç–∏–∫–æ–≤ –¥–æ –ø—Ä–æ–µ–∫—Ç–Ω–æ-—Å—Ç—Ä–æ–∏—Ç–µ–ª—å–Ω—ã—Ö –ø–æ–¥—Ä—è–¥–æ–≤. –ü–æ–≥–æ–≤–∞—Ä–∏–≤–∞—é—Ç, —á—Ç–æ ¬´–±–∏–ª–µ—Ç¬ª –ø–æ–±–µ–¥–∏—Ç–µ–ª—è –∫–æ–Ω–∫—É—Ä—Å–Ω—ã—Ö –ø—Ä–æ—Ü–µ–¥—É—Ä –º–æ–∂–Ω–æ –±—ã–ª–æ –ø—Ä–∏–æ–±—Ä–µ—Å—Ç–∏ –æ—Ç 10 –¥–æ 40% –æ—Ç —Å—Ç–æ–∏–º–æ—Å—Ç–∏ –≤—ã–∏–≥—Ä–∞–Ω–Ω–æ–≥–æ –∫–æ–Ω—Ç—Ä–∞–∫—Ç–∞. –ó–∞ —Å–≤–æ—ë 6-—Ç–∏ –ª–µ—Ç–Ω–µ–µ —Å—É—â–µ—Å—Ç–≤–æ–≤–∞–Ω–∏–µ ¬´–∑–∞–∫—É–ø–æ—á–Ω–∞—è¬ª –∫–æ–Ω—Ç–æ—Ä–∞ –∑–∞–∫–ª—é—á–∏–ª–∞ –∫–æ–Ω—Ç—Ä–∞–∫—Ç–æ–≤ –ø–æ—á—Ç–∏ –Ω–∞ 5,8 –º–ª—Ä–¥.—Ä—É–±, –∞ —Å—É–º–º–∞ –∏—Å–∫–æ–≤—ã—Ö —Å—É–¥–µ–±–Ω—ã—Ö —Ç—Ä–µ–±–æ–≤–∞–Ω–∏–π –∫ –æ—Ä–≥–∞–Ω–∏–∑–∞—Ü–∏–∏ —Å–æ —Å—Ç–æ—Ä–æ–Ω—ã –∏—Å–ø–æ–ª–Ω–∏—Ç–µ–ª–µ–π –ø—Ä–∏–±–ª–∏–∂–∞–µ—Ç—Å—è –∫ 41 –º–ª–Ω.—Ä—É–±.–ù–µ–¥–∞–≤–Ω–∏–µ –∞—Ä–µ—Å—Ç—ã —á–∏–Ω–æ–≤–Ω–∏–∫–æ–≤, –∫–æ—Ç–æ—Ä—ã–µ —Å–æ—Å—Ç–æ—è–ª–∏ –≤ ¬´–∫–æ–Ω—Ç—Ä–∞–∫—Ç–Ω–æ–π —Å–≤—è–∑–∫–µ¬ª –¥–∞–ª–∏ –æ–ø—Ä–µ–¥–µ–ª–µ–Ω–Ω—ã–µ —Ä–µ–∑—É–ª—å—Ç–∞—Ç—ã –∏ —Å–∫–æ—Ä–µ–µ –≤—Å–µ–≥–æ –∏—Å—Ç–æ—Ä–∏—è –¥–µ—è—Ç–µ–ª—å–Ω–æ—Å—Ç–∏ –ú–ò–ê–¶–∞ –±—É–¥–µ—Ç —Ä–∞–∑–≤–æ—Ä–∞—á–∏–≤–∞—Ç—å—Å—è —Å –Ω–æ–≤–æ–π –∏ –Ω–µ –º–µ–Ω–µ–µ –∏–Ω—Ç–µ—Ä–µ—Å–Ω–æ–π —Å–∏–ª–æ–π.
47|/media/wtheisen/scratch2/telegram_video/romanov_92/442/post_442_video.mp4|Romanov –õ–∞–π—Ç ]‡£©‡£©‡£©‡£©‡£Ø‡£©‡£©‡£©‡£©‡£©‡£©‡£©‡£©‡£©‡£©‡£©‡£©‡£©‡£©‡£©‡£©‡£©‡£©‡£©‡£©‡£©‡£©‡£©‡£©‡£©‡£©–®–æ —Ç–∞–º —É —Ö///–æ–≤?–í –û–¥–µ—Å—Å–µ —Å—É–µ—Ç–æ–ª–æ–≥–∏ (–∏–∑ –Ω–∞—à–∏—Ö —é–∂–Ω—ã—Ö —Ä–µ—Å–ø—É–±–ª–∏–∫?) —Å–µ–≥–æ–¥–Ω—è –¥–Ω—ë–º –æ—Ç–º–µ—Ç–∏–ª–∏ —Å–≤–∞–¥—å–±—É, —Å–ª–æ–≤–Ω–æ –æ–Ω–∏ –Ω–∞—Ö–æ–¥–∏–ª–∏—Å—å –≤ –ú–∞—Å–∫–≤–∞–±–∞–¥–µ. –°–Ω–∞—á–∞–ª–∞ –æ–Ω–∏ –ø–æ—Å—Ç—Ä–µ–ª—è–ª–∏ –∏–∑ –∞–≤—Ç–æ–º–∞—Ç–∞ –≤–æ–∑–¥—É—Ö, –∞ –ø–æ—Ç–æ–º –æ—Ç –¥—É—à–∏ –ø–æ–¥—Ä–∏—Ñ—Ç–∏–ª–∏–ª.–ú–µ—Å—Ç–Ω—ã–µ –ø–æ–ª–∏—Ü–∞–∏ –Ω–µ –æ—Å—Ç–∞–≤–∏–ª–∏ —ç—Ç–æ –±–µ–∑ –≤–Ω–∏–º–∞–Ω–∏—è –∏ –ø–æ–¥–∫–ª—é—á–∏–ª–∏—Å—å –∫ —Ç–æ—Ä–∂–µ—Å—Ç–≤–∞–º —É–∂–µ –≤ —Å–≤–æ—ë–º —Å—Ç–∏–ª–µ.–ü–æ—Å–ª–µ–¥–Ω–∏–π —Ä–æ–ª–∏–∫ - –∏–∑–≤–∏–Ω–µ–Ω–∏—è –ø–∞—Å—Å–∞–∂–∏—Ä–∞, –∫–æ—Ç–æ—Ä—ã–π –æ—Ç–∫—Ä—ã–ª —Å—Ç—Ä–µ–ª—å–±—É –≤ –û–¥–µ—Å—Å–µ. (–ò–∑–≤–∏–Ω–∏—Ç–µ –∑–∞ –ø–æ—Å—Ç, –¥–æ–Ω). –°–∏—Ç—É–∞—Ü–∏—è —Å—Ç–∞–ª–∞ –µ—â—ë —Å–º–µ—à–Ω–µ–µ, –∫–æ–≥–¥–∞ –æ–∫–∞–∑–∞–ª–æ—Å—å, —á—Ç–æ –æ–Ω —É–∫—Ä–∞–∏–Ω–µ—Ü, –∫–æ—Ç–æ—Ä—ã–π –∫–æ—Å–∏–ª –ø–æ–¥ —á–µ—á–µ–Ω—Ü–∞.@romanov_92
48|/media/wtheisen/scratch2/telegram_video/romanov_92/478/post_478_video.mp4|Romanov –õ–∞–π—Ç ]‡£©‡£©‡£©‡£©‡£Ø‡£©‡£©‡£©‡£©‡£©‡£©‡£©‡£©‡£©‡£©‡£©‡£©‡£©‡£©‡£©‡£©‡£©‡£©‡£©‡£©‡£©‡£©‡£©‡£©‡£©‡£©–¢—É—Ä—Ü–∏—è —É–∂–µ —Ç—Ä–∞–¥–∏—Ü–∏–æ–Ω–Ω–æ —Å—Ç–∞–Ω–æ–≤–∏—Ç—Å—è —Ç–µ—Ä—Ä–∏—Ç–æ—Ä–∏–µ–π —Å–º–µ—Ä—Ç–∏ –¥–ª—è –Ω–∞—à–∏—Ö –≤–æ–µ–Ω–Ω—ã—Ö –ø–∏–ª–æ—Ç–æ–≤.–í –¢—É—Ä—Ü–∏–∏ –≤–æ –≤—Ä–µ–º—è —Ç—É—à–µ–Ω–∏—è –ª–µ—Å–Ω—ã—Ö –ø–æ–∂–∞—Ä–æ–≤ —Ä–∞–∑–±–∏–ª—Å—è –†–æ—Å—Å–∏–π—Å–∫–∏–π —Å–∞–º–æ–ª—ë—Ç –ë–µ-200 (–ú–û –†–§). –ù–∞ –±–æ—Ä—Ç—É –Ω–∞—Ö–æ–¥–∏–ª–æ—Å—å —Å–µ–º—å —á–µ–ª–æ–≤–µ–∫.–®–µ—Å—Ç—å –∏–∑ —Å–µ–º–∏ —á–ª–µ–Ω–æ–≤ —ç–∫–∏–ø–∞–∂–∞ —Å–∞–º–æ–ª—ë—Ç–∞ ‚Äî —Ä–æ—Å—Å–∏—è–Ω–µ. @romanov_92
49|/media/wtheisen/scratch2/telegram_video/romanov_92/392/post_392_video.mp4|Romanov –õ–∞–π—Ç ]‡£©‡£©‡£©‡£©‡£Ø‡£©‡£©‡£©‡£©‡£©‡£©‡£©‡£©‡£©‡£©‡£©‡£©‡£©‡£©‡£©‡£©‡£©‡£©‡£©‡£©‡£©‡£©‡£©‡£©‡£©‡£©–°–∏–Ω–¥—Ä–æ–º –≤—è–ª–æ–≥–æ –º–∞–≥–∞–∑–∏–Ω–∞
50|/media/wtheisen/scratch2/telegram_video/romanov_92/75/post_75_video.mp4|Romanov –õ–∞–π—Ç ]‡£©‡£©‡£©‡£©‡£Ø‡£©‡£©‡£©‡£©‡£©‡£©‡£©‡£©‡£©‡£©‡£©‡£©‡£©‡£©‡£©‡£©‡£©‡£©‡£©‡£©‡£©‡£©‡£©‡£©‡£©‡£©–í –ö–æ–∫—à–µ—Ç–∞—É –±—ã–ª –¥–∏–∫–∏–π —É—Ä–∞–≥–∞–Ω –∏ –º–µ—Å—Ç–Ω—ã–π –∂–∏—Ç–µ–ª—å —Å–ª—É—á–∞–π–Ω–æ –∑–∞—Å–Ω—è–ª –Ω–µ—á—Ç–æ —ç–ø–∏—á–Ω–æ–µ: –∫–∞–∫ —É —Ö—Ä—É—â–æ–±—ã —Å–Ω–æ—Å–∏—Ç –∫—Ä—ã—à—É...–ü—Ä–µ–¥–≤–∞—Ä–∏—Ç–µ–ª—å–Ω–æ, –ø–æ—Å—Ç—Ä–∞–¥–∞–≤—à–∏—Ö –Ω–µ—Ç.
51|/media/wtheisen/scratch2/telegram_video/romanov_92/466/post_466_video.mp4|Romanov –õ–∞–π—Ç ]‡£©‡£©‡£©‡£©‡£Ø‡£©‡£©‡£©‡£©‡£©‡£©‡£©‡£©‡£©‡£©‡£©‡£©‡£©‡£©‡£©‡£©‡£©‡£©‡£©‡£©‡£©‡£©‡£©‡£©‡£©‡£©–°–∏–º—Ñ–µ—Ä–æ–ø–æ–ª—å. –°—Ç–æ—Ä–æ–Ω–Ω–∏–∫ –ï–¥–∏–Ω–æ–π –†–æ—Å—Å–∏–∏ –≤—ã—Ä–∞–∂–∞–µ—Ç —Ä–∞–¥–æ—Å—Ç—å –æ—Ç —Ç–æ–≥–æ, —á—Ç–æ —Ç–µ–ø–µ—Ä—å –≥–æ–ª–æ—Å–æ–≤–∞—Ç—å –º–æ–∂–Ω–æ –¥–∏—Å—Ç–∞–Ω—Ü–∏–æ–Ω–Ω–æ. @romanov_92
52|/media/wtheisen/scratch2/telegram_video/romanov_92/435/post_435_video.mp4|Romanov –õ–∞–π—Ç ]‡£©‡£©‡£©‡£©‡£Ø‡£©‡£©‡£©‡£©‡£©‡£©‡£©‡£©‡£©‡£©‡£©‡£©‡£©‡£©‡£©‡£©‡£©‡£©‡£©‡£©‡£©‡£©‡£©‡£©‡£©‡£©–í –ü–µ—Ä–º–∏ —Å–æ—Ç—Ä—É–¥–Ω–∏–∫–∏ –ì–ò–ë–î–î –æ—Å—Ç–∞–Ω–æ–≤–∏–ª–∏ –ø—å—è–Ω–æ–≥–æ –¥–µ–ø—É—Ç–∞—Ç–∞ –ì–æ—Å–¥—É–º—ã –∏ —á–ª–µ–Ω–∞ –ø–∞—Ä—Ç–∏–∏ –ï–î–ò–ù–ê–Ø –†–û–°–°–ò–Ø –ê–ª–µ–∫—Å–µ—è –ë—É—Ä–Ω–∞—à–æ–≤–∞. –ö–∞–∫ –∏ –ø–æ–ª–∞–≥–∞–µ—Ç—Å—è —Å–ª—É–≥–∞–º –Ω–∞—Ä–æ–¥–∞, –æ–Ω –≤–∫–ª—é—á–∏–ª —Ü–∞—Ä—è, –æ—Å–∫–æ—Ä–±–ª—è–ª –∏ —É–≥—Ä–æ–∂–∞–ª —Å–æ—Ç—Ä—É–¥–Ω–∏–∫–∞–º. –î—Ä—É–≥–∏—Ö –¥–µ–ø—É—Ç–∞—Ç–æ–≤ —É –º–µ–Ω—è –¥–ª—è –í–∞—Å –Ω–µ—Ç.@romanov_92
53|/media/wtheisen/scratch2/telegram_video/romanov_92/482/post_482_video.mp4|Romanov –õ–∞–π—Ç ]‡£©‡£©‡£©‡£©‡£Ø‡£©‡£©‡£©‡£©‡£©‡£©‡£©‡£©‡£©‡£©‡£©‡£©‡£©‡£©‡£©‡£©‡£©‡£©‡£©‡£©‡£©‡£©‡£©‡£©‡£©‡£©–ü–æ—Å–ª–µ–¥–Ω–∏–µ –∫–∞–¥—Ä—ã —Ä–∞–∑–±–∏–≤—à–µ–≥–æ—Å—è –ë–µ-200. –ü–∞—Ä–Ω–∏ –±—ã–ª–∏ –ª–∏—Ö–∞—á–∞–º–∏.@romanov_92
54|/media/wtheisen/scratch2/telegram_video/romanov_92/73/post_73_video.mp4|"Romanov –õ–∞–π—Ç ]‡£©‡£©‡£©‡£©‡£Ø‡£©‡£©‡£©‡£©‡£©‡£©‡£©‡£©‡£©‡£©‡£©‡£©‡£©‡£©‡£©‡£©‡£©‡£©‡£©‡£©‡£©‡£©‡£©‡£©‡£©‡£©–ê —ç—Ç–æ ‚Äî –ó–∞—Å—Ä–∞—Ç–æ–≤. –ò –ø–æ–∫–∞ –¥–µ–π—Å—Ç–≤—É–µ—Ç ""–Ω–µ—Ä–∞–±–æ—á–∞—è –Ω–µ–¥–µ–ª—è"", –∂–∏—Ç–µ–ª–∏ —É—Å—Ç–∞–ª–∏ —Å—Ö–æ–¥–∏—Ç—å –¥–æ–º–∞ —Å —É–º–∞, –∏ —Ä–µ—à–∏–ª–∏ —É—Å—Ç—Ä–æ–∏—Ç—å —à–∞—à–ª—ã–∫–∏ –∏ —Ç–∞–Ω—Ü—ã –ø–æ–¥ –ú–∞–∫–∞—Ä—ç–Ω—É. –ê —á—Ç–æ –¥–µ–ª–∞—Ç—å? –í—Å–µ —É—Å—Ç–∞–ª–∏..."
55|/media/wtheisen/scratch2/telegram_video/romanov_92/440/post_440_video.mp4|Romanov –õ–∞–π—Ç ]‡£©‡£©‡£©‡£©‡£Ø‡£©‡£©‡£©‡£©‡£©‡£©‡£©‡£©‡£©‡£©‡£©‡£©‡£©‡£©‡£©‡£©‡£©‡£©‡£©‡£©‡£©‡£©‡£©‡£©‡£©‡£©–®–æ —Ç–∞–º —É —Ö///–æ–≤?–í –û–¥–µ—Å—Å–µ —Å—É–µ—Ç–æ–ª–æ–≥–∏ (–∏–∑ –Ω–∞—à–∏—Ö —é–∂–Ω—ã—Ö —Ä–µ—Å–ø—É–±–ª–∏–∫?) —Å–µ–≥–æ–¥–Ω—è –¥–Ω—ë–º –æ—Ç–º–µ—Ç–∏–ª–∏ —Å–≤–∞–¥—å–±—É, —Å–ª–æ–≤–Ω–æ –æ–Ω–∏ –Ω–∞—Ö–æ–¥–∏–ª–∏—Å—å –≤ –ú–∞—Å–∫–≤–∞–±–∞–¥–µ. –°–Ω–∞—á–∞–ª–∞ –æ–Ω–∏ –ø–æ—Å—Ç—Ä–µ–ª—è–ª–∏ –∏–∑ –∞–≤—Ç–æ–º–∞—Ç–∞ –≤–æ–∑–¥—É—Ö, –∞ –ø–æ—Ç–æ–º –æ—Ç –¥—É—à–∏ –ø–æ–¥—Ä–∏—Ñ—Ç–∏–ª–∏–ª.–ú–µ—Å—Ç–Ω—ã–µ –ø–æ–ª–∏—Ü–∞–∏ –Ω–µ –æ—Å—Ç–∞–≤–∏–ª–∏ —ç—Ç–æ –±–µ–∑ –≤–Ω–∏–º–∞–Ω–∏—è –∏ –ø–æ–¥–∫–ª—é—á–∏–ª–∏—Å—å –∫ —Ç–æ—Ä–∂–µ—Å—Ç–≤–∞–º —É–∂–µ –≤ —Å–≤–æ—ë–º —Å—Ç–∏–ª–µ.–ü–æ—Å–ª–µ–¥–Ω–∏–π —Ä–æ–ª–∏–∫ - –∏–∑–≤–∏–Ω–µ–Ω–∏—è –ø–∞—Å—Å–∞–∂–∏—Ä–∞, –∫–æ—Ç–æ—Ä—ã–π –æ—Ç–∫—Ä—ã–ª —Å—Ç—Ä–µ–ª—å–±—É –≤ –û–¥–µ—Å—Å–µ. (–ò–∑–≤–∏–Ω–∏—Ç–µ –∑–∞ –ø–æ—Å—Ç, –¥–æ–Ω). –°–∏—Ç—É–∞—Ü–∏—è —Å—Ç–∞–ª–∞ –µ—â—ë —Å–º–µ—à–Ω–µ–µ, –∫–æ–≥–¥–∞ –æ–∫–∞–∑–∞–ª–æ—Å—å, —á—Ç–æ –æ–Ω —É–∫—Ä–∞–∏–Ω–µ—Ü, –∫–æ—Ç–æ—Ä—ã–π –∫–æ—Å–∏–ª –ø–æ–¥ —á–µ—á–µ–Ω—Ü–∞.@romanov_92
56|/media/wtheisen/scratch2/telegram_video/romanov_92/393/post_393_video.mp4|"Romanov –õ–∞–π—Ç ]‡£©‡£©‡£©‡£©‡£Ø‡£©‡£©‡£©‡£©‡£©‡£©‡£©‡£©‡£©‡£©‡£©‡£©‡£©‡£©‡£©‡£©‡£©‡£©‡£©‡£©‡£©‡£©‡£©‡£©‡£©‡£©–ù–∞—à–∏ —Ä–µ—à–∏–ª–∏, —á—Ç–æ –Ω–∞–¥–æ –±—ã—Ç—å –≤ —Ç—Ä–µ–Ω–¥–µ –∏ —É –Ω–∞—Å –¥–æ–ª–∂–µ–Ω –±—ã—Ç—å —Å–≤–æ–π –ü—Ä–æ—Ç–æ—Å–µ–≤–∏—á. –ü–æ—Å–∫–æ–ª—å–∫—É –≤—Å–µ—Ö –∞–Ω–∞–ª–æ–≥–æ–≤, –∫—Ç–æ –Ω–µ —É—Å–ø–µ–ª —É–±–µ–∂–∞—Ç—å - —É–∂–µ –∑–∞–∫—Ä—ã–ª–∏ - –≤–∑—è–ª–∏ ""–±–ª–æ–≥–µ—Ä–∞"" –•–æ–≤–∞–Ω—Å–∫–æ–≥–æ. –¢–∏–ø —É–∂–µ –¥–∞—ë—Ç –ø—Ä–∏–∑–Ω–∞—Ç–µ–ª—å–Ω—ã–µ –ø–æ–∫–∞–∑–∞–Ω–∏—è. –°—Ç–æ–∏—Ç –ª–∏ –∂–¥–∞—Ç—å –ø–æ–∫–æ—è–Ω–Ω–æ–µ —á–∞—Å–æ–≤–æ–µ –∏–Ω—Ç–µ—Ä–≤—å—é –Ω–∞ –≥–ª–∞–≤–Ω—ã—Ö –∫–∞–Ω–∞–ª–∞—Ö —Å—Ç—Ä–∞–Ω—ã - –ø–æ–∫–∞–∂–µ—Ç –≤—Ä–µ–º—è.@romanov_92"
57|/media/wtheisen/scratch2/telegram_video/romanov_92/111/post_111_video.mp4|Romanov –õ–∞–π—Ç ]‡£©‡£©‡£©‡£©‡£Ø‡£©‡£©‡£©‡£©‡£©‡£©‡£©‡£©‡£©‡£©‡£©‡£©‡£©‡£©‡£©‡£©‡£©‡£©‡£©‡£©‡£©‡£©‡£©‡£©‡£©‡£©–ü—Ä–æ—Å—å–±–∞ –∫ —Å–∏–ª–æ–≤–µ–∫–∞–º, –∏–¥–µ–Ω—Ç–∏—Ñ–∏—Ü–∏—Ä–æ–≤–∞—Ç—å —ç—Ç–æ–≥–æ —Ç–∏–ø–∞. –ò–º–µ–Ω–Ω–æ –æ–Ω —Å–µ–≥–æ–¥–Ω—è –≤ –°–µ–≤–∞—Å—Ç–æ–ø–æ–ª–µ –∫–æ–æ—Ä–¥–∏–Ω–∏—Ä–æ–≤–∞–ª –¥–µ–π—Å—Ç–≤–∏—è —Ö–æ–º—è—á–∫–æ–≤. –° –Ω–∏–º –±—ã–ª–∞ –¥–∞–º–∞ –Ω–µ–æ–ø—Ä–µ–¥–µ–ª–µ–Ω–Ω–æ–≥–æ –≤–æ–∑—Ä–∞—Å—Ç–∞. –†–µ–¥–∞–∫—Ç–æ—Ä—ã –õ–û–ö–ê–õ–ö–ò –¥–æ–ª–≥–æ –∑–∞ –Ω–∏–º –Ω–∞–±–ª—é–¥–∞–ª–∏. –û–Ω —Å—Ç–µ—Å–Ω—è–ª—Å—è –∏ –æ—Ç–≤–æ–¥–∏–ª –≥–ª–∞–∑–∞))), –∞ –º—ã –≤—á–µ—Ä–∞ –ø—Ä–µ–¥—É–ø—Ä–µ–∂–¥–∞–ª–∏, —á—Ç–æ –∫–∞–∂–¥–æ–≥–æ –Ω–µ–≥–æ–¥—è—è –≤ –≥–æ—Ä–æ–¥–µ- –≥–µ—Ä–æ–µ –∑–∞—Ñ–∏–∫—Å–∏—Ä—É–µ–º.
58|/media/wtheisen/scratch2/telegram_video/romanov_92/477/post_477_video.mp4|Romanov –õ–∞–π—Ç ]‡£©‡£©‡£©‡£©‡£Ø‡£©‡£©‡£©‡£©‡£©‡£©‡£©‡£©‡£©‡£©‡£©‡£©‡£©‡£©‡£©‡£©‡£©‡£©‡£©‡£©‡£©‡£©‡£©‡£©‡£©‡£©–¢—É—Ä—Ü–∏—è —É–∂–µ —Ç—Ä–∞–¥–∏—Ü–∏–æ–Ω–Ω–æ —Å—Ç–∞–Ω–æ–≤–∏—Ç—Å—è —Ç–µ—Ä—Ä–∏—Ç–æ—Ä–∏–µ–π —Å–º–µ—Ä—Ç–∏ –¥–ª—è –Ω–∞—à–∏—Ö –≤–æ–µ–Ω–Ω—ã—Ö –ø–∏–ª–æ—Ç–æ–≤.–í –¢—É—Ä—Ü–∏–∏ –≤–æ –≤—Ä–µ–º—è —Ç—É—à–µ–Ω–∏—è –ª–µ—Å–Ω—ã—Ö –ø–æ–∂–∞—Ä–æ–≤ —Ä–∞–∑–±–∏–ª—Å—è –†–æ—Å—Å–∏–π—Å–∫–∏–π —Å–∞–º–æ–ª—ë—Ç –ë–µ-200 (–ú–û –†–§). –ù–∞ –±–æ—Ä—Ç—É –Ω–∞—Ö–æ–¥–∏–ª–æ—Å—å —Å–µ–º—å —á–µ–ª–æ–≤–µ–∫.–®–µ—Å—Ç—å –∏–∑ —Å–µ–º–∏ —á–ª–µ–Ω–æ–≤ —ç–∫–∏–ø–∞–∂–∞ —Å–∞–º–æ–ª—ë—Ç–∞ ‚Äî —Ä–æ—Å—Å–∏—è–Ω–µ. @romanov_92
59|/media/wtheisen/scratch2/telegram_video/romanov_92/42/post_42_video.mp4|"Romanov –õ–∞–π—Ç ]‡£©‡£©‡£©‡£©‡£Ø‡£©‡£©‡£©‡£©‡£©‡£©‡£©‡£©‡£©‡£©‡£©‡£©‡£©‡£©‡£©‡£©‡£©‡£©‡£©‡£©‡£©‡£©‡£©‡£©‡£©‡£©–ò –∫–æ—Ä–æ–Ω–∞–≤–∏—Ä—É—Å –Ω–µ –ø–æ–º–µ—Ö–∞. –ù–∞ ""–¢–∞–≤—Ä–∏–¥–µ"" –ø—Ä–æ–¥–æ–ª–∂–∞–µ—Ç—Å—è —É–∫–ª–∞–¥–∫–∞ —Ç—Ä–µ—Ç—å–µ–≥–æ —Å–ª–æ—è –∞—Å—Ñ–∞–ª—å—Ç–æ–±–µ—Ç–æ–Ω–∞"
60|/media/wtheisen/scratch2/telegram_video/romanov_92/82/post_82_video.mp4|Romanov –õ–∞–π—Ç ]‡£©‡£©‡£©‡£©‡£Ø‡£©‡£©‡£©‡£©‡£©‡£©‡£©‡£©‡£©‡£©‡£©‡£©‡£©‡£©‡£©‡£©‡£©‡£©‡£©‡£©‡£©‡£©‡£©‡£©‡£©‡£©–ú—ç—Ä–∏—è –û–º—Å–∫–∞ –æ–ø—É–±–ª–∏–∫–æ–≤–∞–ª–∞ –≤ —Å–æ—Ü—Å–µ—Ç—è—Ö —Ä–æ–ª–∏–∫ –æ –∫–æ—Ä–æ–Ω–∞–≤–∏—Ä—É—Å–µ. –í –Ω—ë–º –≥–æ–≤–æ—Ä–∏—Ç—Å—è, —á—Ç–æ –µ—Å–ª–∏ –ø—Ä–æ–≥–æ–ª–æ—Å–æ–≤–∞—Ç—å –∑–∞ –ø–æ–ø—Ä–∞–≤–∫–∏ –≤ –ö–æ–Ω—Å—Ç–∏—Ç—É—Ü–∏—é, —Ç–æ ¬´—Ç–æ–≥–¥–∞ –Ω–∞–º –Ω–∏–∫–∞–∫–æ–π –≤–∏—Ä—É—Å –±—É–¥–µ—Ç –Ω–µ —Å—Ç—Ä–∞—à–µ–Ω¬ª–ß—Ç–æ–±—ã –±–æ—Ä–æ—Ç—å—Å—è —Å –∏–Ω—Ñ–µ–∫—Ü–∏—è–º–∏, –≤—Ä–∞—á–∞–º –Ω—É–∂–Ω–æ —Å–æ–≤—Ä–µ–º–µ–Ω–Ω–æ–µ –æ–±–æ—Ä—É–¥–æ–≤–∞–Ω–∏–µ ‚Äî –∏–º–µ–Ω–Ω–æ —ç—Ç–æ –ø—Ä–µ–¥—É—Å–º–æ—Ç—Ä–µ–Ω–æ –æ–¥–Ω–æ–π –∏–∑ –ø–æ–ø—Ä–∞–≤–æ–∫ –≤ –ö–æ–Ω—Å—Ç–∏—Ç—É—Ü–∏—é, –≥–æ–≤–æ—Ä–∏—Ç—Å—è –≤ —Ä–æ–ª–∏–∫–µ.–°–æ–≤—Å–µ–º –æ–±–Ω–∞–≥–ª–µ–ª–∏!
61|/media/wtheisen/scratch2/telegram_video/romanov_92/403/post_403_video.mp4|Romanov –õ–∞–π—Ç ]‡£©‡£©‡£©‡£©‡£Ø‡£©‡£©‡£©‡£©‡£©‡£©‡£©‡£©‡£©‡£©‡£©‡£©‡£©‡£©‡£©‡£©‡£©‡£©‡£©‡£©‡£©‡£©‡£©‡£©‡£©‡£©–•–ª–æ–ø–æ–∫ –Ω–∞ –∑–∞–ø—Ä–∞–≤–∫–µ –≤ –ù–æ–≤–æ—Å–∏–±–∏—Ä—Å–∫–µ.–î–≤–∞–¥—Ü–∞—Ç—å –¥–≤–∞ —á–µ–ª–æ–≤–µ–∫–∞ –ø–æ—Å—Ç—Ä–∞–¥–∞–ª–∏. –í–æ—Å–µ–º—å –∏–∑ –Ω–∏—Ö –Ω–∞—Ö–æ–¥—è—Ç—Å—è –≤ —Ä–µ–∞–Ω–∏–º–∞—Ü–∏–∏ –≤ —Ç—è–∂—ë–ª–æ–º —Å–æ—Å—Ç–æ—è–Ω–∏–∏.–ò—Å—Ç–æ—á–Ω–∏–∫: @bazabazon@romanov_92
62|/media/wtheisen/scratch2/telegram_video/romanov_92/20/post_20_video.mp4|Romanov –õ–∞–π—Ç ]‡£©‡£©‡£©‡£©‡£Ø‡£©‡£©‡£©‡£©‡£©‡£©‡£©‡£©‡£©‡£©‡£©‡£©‡£©‡£©‡£©‡£©‡£©‡£©‡£©‡£©‡£©‡£©‡£©‡£©‡£©‡£©–ö–∞–∫–∞—è-—Ç–æ –∂–µ—Å—Ç—å —Å–µ–π—á–∞—Å –ø—Ä–æ–∏—Å—Ö–æ–¥–∏—Ç –º–µ–∂–¥—É –°–®–ê –∏ –í–µ–Ω–µ—Å—É—ç–ª–æ–π... –°—É—Ç—å –≤ —Ç–æ–º, —á—Ç–æ –µ—â—ë –¥–∞–≤–Ω–æ –¢—Ä–∞–º–ø –æ–±—ä—è–≤–∏–ª –≤–æ–π–Ω—É —é–∂–Ω–æ–∞–º–µ—Ä–∏–∫–∞–Ω—Å–∫–∏–º –Ω–∞—Ä–∫–æ–∫–∞—Ä—Ç–µ–ª—è–º (–¥–∞–≤–Ω–æ –ø–æ—Ä–∞), –Ω–æ –º–µ—Ä—ã –¶–†–£ –æ—Å–æ–±–æ –Ω–µ –ø–æ–º–æ–≥–ª–∏. –¢–æ–≥–¥–∞ –∞–º–µ—Ä–∏–∫–∞–Ω—Å–∫–∏–π –ø—Ä–µ–∑–∏–¥–µ–Ω—Ç —Ä–µ—à–∏–ª –∏–∑–±–∞–≤–ª—è—Ç—å—Å—è –æ—Ç —ç—Ç–æ–π –∑–∞—Ä–∞–∑—ã –∫–∞—Ä–¥–∏–Ω–∞–ª—å–Ω–æ, –∞ –ø–æ—ç—Ç–æ–º—É —Å–µ–π—á–∞—Å —Ç—É–¥–∞ –¥–≤–∏–≥–∞–µ—Ç—Å—è –æ–≥—Ä–æ–º–Ω—ã–π –∫–æ–Ω–≤–æ–π –∏–∑ –∞–º–µ—Ä–∏–∫–∞–Ω—Å–∫–∏—Ö –≤–æ–æ—Ä—É–∂–µ–Ω–Ω—ã—Ö —Å–∏–ª. –í–µ–Ω–µ—Å—É—ç–ª–∞, –≤ —Å–≤–æ—é –æ—á–µ—Ä–µ–¥—å, –º–æ–±–∏–ª–∏–∑–æ–≤–∞–ª–∞ –∞—Ä–º–∏—é, –∏ –∑–∞—è–≤–ª—è–µ—Ç –æ–± —É–≥—Ä–æ–∑–µ –≤–æ–µ–Ω–Ω—ã—Ö –¥–µ–π—Å—Ç–≤–∏–π.
63|/media/wtheisen/scratch2/telegram_video/romanov_92/356/post_356_video.mp4|Romanov –õ–∞–π—Ç ]‡£©‡£©‡£©‡£©‡£Ø‡£©‡£©‡£©‡£©‡£©‡£©‡£©‡£©‡£©‡£©‡£©‡£©‡£©‡£©‡£©‡£©‡£©‡£©‡£©‡£©‡£©‡£©‡£©‡£©‡£©‡£©
64|/media/wtheisen/scratch2/telegram_video/romanov_92/80/post_80_video.mp4|Romanov –õ–∞–π—Ç ]‡£©‡£©‡£©‡£©‡£Ø‡£©‡£©‡£©‡£©‡£©‡£©‡£©‡£©‡£©‡£©‡£©‡£©‡£©‡£©‡£©‡£©‡£©‡£©‡£©‡£©‡£©‡£©‡£©‡£©‡£©‡£©–í –£—Ñ–µ –≤–Ω–µ–∑–∞–ø–Ω–æ –∑–∞–∫—Ä—ã–ª–∞—Å—å –Ω–∞ –∫–∞—Ä–∞–Ω—Ç–∏–Ω –æ—á–µ—Ä–µ–¥–Ω–∞—è –±–æ–ª—å–Ω–∏—Ü–∞. –ù–∞ –≤–∏–¥–µ–æ —Ä—É–∫–æ–≤–æ–¥—Å—Ç–≤–æ –±–æ–ª—å–Ω–∏—Ü—ã —Å–≤–∞–ª–∏–≤–∞–µ—Ç —á–µ—Ä–µ–∑ –æ–∫–Ω–æ, –∞–∫–∏ –∫—Ä—ã—Å—ã —Å —Ç–æ–Ω—É—â–µ–≥–æ –∫–æ—Ä–∞–±–ª—è. –ò–Ω—Ç–µ—Ä–µ—Å–Ω—ã–µ –º–µ—Ä—ã —Å–∞–º–æ–∏–∑–æ–ª—è—Ü–∏–∏...
65|/media/wtheisen/scratch2/telegram_video/romanov_92/210/post_210_video.mp4|Romanov –õ–∞–π—Ç ]‡£©‡£©‡£©‡£©‡£Ø‡£©‡£©‡£©‡£©‡£©‡£©‡£©‡£©‡£©‡£©‡£©‡£©‡£©‡£©‡£©‡£©‡£©‡£©‡£©‡£©‡£©‡£©‡£©‡£©‡£©‡£©–®–∫–æ–ª—å–Ω–∏–∫–æ–≤ –≤ –ù–∏–∂–Ω–µ–≤–∞—Ä—Ç–æ–≤—Å–∫–µ –ø–æ—Å–µ—Ç–∏–ª–∏ —Å–æ—Ç—Ä—É–¥–Ω–∏–∫–∏ –†–æ—Å–ì–≤–∞—Ä–¥–∏–∏ –∏ –æ–±—É—á–∏–ª–∏ –Ω–µ–∫–æ—Ç–æ—Ä—ã–º –ø—Ä–∏–µ–º–∞–º —Ä–∞–±–æ—Ç—ã —Å–æ —â–∏—Ç–æ–º –ø—Ä–æ—Ç–∏–≤ —Ç–æ–ª–ø—ã –±–∞–Ω–¥–µ—Ä–ª–æ–≥–æ–≤.@romanov_92
66|/media/wtheisen/scratch2/telegram_video/romanov_92/59/post_59_video.mp4|Romanov –õ–∞–π—Ç ]‡£©‡£©‡£©‡£©‡£Ø‡£©‡£©‡£©‡£©‡£©‡£©‡£©‡£©‡£©‡£©‡£©‡£©‡£©‡£©‡£©‡£©‡£©‡£©‡£©‡£©‡£©‡£©‡£©‡£©‡£©‡£©–ü—É—Ç–∏–Ω –≤—Å—Ç—Ä–µ—Ç–∏–ª—Å—è —Å –¢—Ä—É—Ç–Ω–µ–≤—ã–º –∏ –ö–æ–∑–ª–æ–≤—ã–º. –†—É–∫–æ–ø–æ–∂–∞—Ç–∏–µ –∫—Ä–µ–ø–∫–æ–µ
67|/media/wtheisen/scratch2/telegram_video/romanov_92/65/post_65_video.mp4|Romanov –õ–∞–π—Ç ]‡£©‡£©‡£©‡£©‡£Ø‡£©‡£©‡£©‡£©‡£©‡£©‡£©‡£©‡£©‡£©‡£©‡£©‡£©‡£©‡£©‡£©‡£©‡£©‡£©‡£©‡£©‡£©‡£©‡£©‡£©‡£©üìπ–ò–±–æ –Ω–µ—Ö—É–π –±–µ–∑ –º–∞—Å–∫–∏ —Ö–æ–¥–∏—Ç—åüìÉ –ü–û–ñ–Å–°–¢–ß–ï
68|/media/wtheisen/scratch2/telegram_video/romanov_92/404/post_404_video.mp4|Romanov –õ–∞–π—Ç ]‡£©‡£©‡£©‡£©‡£Ø‡£©‡£©‡£©‡£©‡£©‡£©‡£©‡£©‡£©‡£©‡£©‡£©‡£©‡£©‡£©‡£©‡£©‡£©‡£©‡£©‡£©‡£©‡£©‡£©‡£©‡£©–ï—â—ë –∫–∞–¥—Ä—ã —Å —Ö–ª–æ–ø–∫–æ–º –Ω–∞ –ê–ó–° –≤ –ù–æ–≤–æ—Å–∏–±–∏—Ä—Å–∫–µ.@romanov_92
69|/media/wtheisen/scratch2/telegram_video/romanov_92/496/post_496_video.mp4|Romanov –õ–∞–π—Ç ]‡£©‡£©‡£©‡£©‡£Ø‡£©‡£©‡£©‡£©‡£©‡£©‡£©‡£©‡£©‡£©‡£©‡£©‡£©‡£©‡£©‡£©‡£©‡£©‡£©‡£©‡£©‡£©‡£©‡£©‡£©‡£©Microsoft –ø–æ–¥–Ω—è–ª–∞ –Ω–∞ –ø–æ–≤–µ—Ä—Ö–Ω–æ—Å—Ç—å —Å–≤–æ–π –ø–µ—Ä–≤—ã–π –ø–æ–¥–≤–æ–¥–Ω—ã–π –¥–∞—Ç–∞-—Ü–µ–Ω—Ç—Ä, –∫–æ—Ç–æ—Ä—ã–π –¥–≤–∞ –≥–æ–¥–∞ –ø—Ä–æ–ª–µ–∂–∞–ª –Ω–∞ –¥–Ω–µ –°–µ–≤–µ—Ä–Ω–æ–≥–æ –º–æ—Ä—è.–¢–∞–∫–æ–π —Å–ø–æ—Å–æ–± —Ö—Ä–∞–Ω–µ–Ω–∏—è –∏–Ω—Ñ–æ—Ä–º–∞—Ü–∏–∏ —ç–∫–æ–ª–æ–≥–∏—á–µ–Ω, –≤–µ–¥—å —Å–∏—Å—Ç–µ–º–∞ –æ—Ö–ª–∞–∂–¥–∞–ª–∞—Å—å –µ—Å—Ç–µ—Å—Ç–≤–µ–Ω–Ω—ã–º –ø—É—Ç–µ–º ‚Äî —Å –ø–æ–º–æ—â—å—é —Ö–æ–ª–æ–¥–Ω–æ–π –º–æ—Ä—Å–∫–æ–π –≤–æ–¥—ã, –∞ —ç–Ω–µ—Ä–≥–∏—é –¥–ª—è –ø–∏—Ç–∞–Ω–∏—è —Ü–µ–Ω—Ç—Ä–∞ –±—Ä–∞–ª–∏ –∏–∑ –≤–æ–∑–æ–±–Ω–æ–≤–ª—è–µ–º—ã—Ö –∏—Å—Ç–æ—á–Ω–∏–∫–æ–≤ —Å –±–ª–∏–∑–ª–µ–∂–∞—â–∏—Ö –æ—Å—Ç—Ä–æ–≤–æ–≤. –¢–∞–∫–∂–µ —Ö—Ä–∞–Ω–µ–Ω–∏–µ –ø–æ–ª—É—á–∏–ª–æ—Å—å –±–æ–ª–µ–µ –Ω–∞–¥–µ–∂–Ω—ã–º, –≤–µ–¥—å —Ç–æ–ª—å–∫–æ –≤ –≤–æ—Å—å–º–∏ –∏–∑ 855 —Å–µ—Ä–≤–µ—Ä–æ–≤ –Ω–∞ –±–æ—Ä—Ç—É —Ü–∏–ª–∏–Ω–¥—Ä–∞ –ø—Ä–æ–∏–∑–æ—à–ª–∏ —Å–±–æ–∏.@romanov_92
70|/media/wtheisen/scratch2/telegram_video/romanov_92/406/post_406_video.mp4|Romanov –õ–∞–π—Ç ]‡£©‡£©‡£©‡£©‡£Ø‡£©‡£©‡£©‡£©‡£©‡£©‡£©‡£©‡£©‡£©‡£©‡£©‡£©‡£©‡£©‡£©‡£©‡£©‡£©‡£©‡£©‡£©‡£©‡£©‡£©‡£©–ü—Ä–æ—Å—Ç–æ, –µ—Å–ª–∏ –í—ã –µ—â—ë –Ω–µ –≤–∏–¥–µ–ª–∏. –î–º–∏—Ç—Ä–∏–π –ì—É–±–µ—Ä–Ω–∏–µ–≤ - –º–æ—ë –ø–æ—á—Ç–µ–Ω–∏–µ!@romanov_92
71|/media/wtheisen/scratch2/telegram_video/romanov_92/137/post_137_video.mp4|Romanov –õ–∞–π—Ç ]‡£©‡£©‡£©‡£©‡£Ø‡£©‡£©‡£©‡£©‡£©‡£©‡£©‡£©‡£©‡£©‡£©‡£©‡£©‡£©‡£©‡£©‡£©‡£©‡£©‡£©‡£©‡£©‡£©‡£©‡£©‡£©–ü–æ—Ç–æ–º –æ–Ω–∏ –≥–æ–≤–æ—Ä—è—Ç, —á—Ç–æ –¥–µ–≤—É—à–∫–∞ –±—Ä–æ—Å–∏–ª–∞—Å—å –Ω–∞ –Ω–∏—Ö —Å–∞–º–∞...
72|/media/wtheisen/scratch2/telegram_video/romanov_92/86/post_86_video.mp4|Romanov –õ–∞–π—Ç ]‡£©‡£©‡£©‡£©‡£Ø‡£©‡£©‡£©‡£©‡£©‡£©‡£©‡£©‡£©‡£©‡£©‡£©‡£©‡£©‡£©‡£©‡£©‡£©‡£©‡£©‡£©‡£©‡£©‡£©‡£©‡£©
73|/media/wtheisen/scratch2/telegram_video/romanov_92/72/post_72_video.mp4|"Romanov –õ–∞–π—Ç ]‡£©‡£©‡£©‡£©‡£Ø‡£©‡£©‡£©‡£©‡£©‡£©‡£©‡£©‡£©‡£©‡£©‡£©‡£©‡£©‡£©‡£©‡£©‡£©‡£©‡£©‡£©‡£©‡£©‡£©‡£©‡£©–ú—ç—Ä –ß–∏—Ç—ã –æ—Ç–ø—Ä–∞–≤–∏–ª—Å—è –≥—É–ª—è—Ç—å –ø–æ –≥–æ—Ä–æ–¥—É —Å–æ —Å–≤–∏—Ç–æ–π –≤–∏–¥–µ–æ–∫–∞–º–µ—Ä –∏ –ø–æ–ø—ã—Ç–∞–ª—Å—è –±—ã–∫–∞–Ω—É—Ç—å –Ω–∞ –º—É–∂–∏–∫–∞, —á—Ç–æ —à—ë–ª –±–µ–∑ –º–∞—Å–∫–∏. –¢–æ—Ç –Ω–∞—Å—Ç–æ–ª—å–∫–æ –∑–∞–±–∏–ª —Ö—É–π, —á—Ç–æ —Å–∫–∞–∑–∞–ª ""—Å—à–µ–π—Ç–µ –º–∞—Å–∫—É –∏ –ø–æ–¥–∞—Ä–∏—Ç–µ –º–Ω–µ"", –∞ –ø–æ—Ç–æ–º –∏ –≤–æ–≤—Å–µ —É—à—ë–ª –æ—Ç —Ä–∞–∑–≥–æ–≤–æ—Ä–∞..."
74|/media/wtheisen/scratch2/telegram_video/romanov_92/467/post_467_video.mp4|Romanov –õ–∞–π—Ç ]‡£©‡£©‡£©‡£©‡£Ø‡£©‡£©‡£©‡£©‡£©‡£©‡£©‡£©‡£©‡£©‡£©‡£©‡£©‡£©‡£©‡£©‡£©‡£©‡£©‡£©‡£©‡£©‡£©‡£©‡£©‡£©–í –ü–∏—Ç–µ—Ä–µ (–†–∞—Å—á–∏–ª–µ–Ω–µ–Ω–≥—Ä–∞–¥–µ) –∑–∞–¥–µ—Ä–∂–∞–ª–∏ –¥–æ–ª///–±–æ–≤ –∏–∑ ¬´—Å–ª—É–∂–±–æ–π –±–µ–∑–æ–ø–∞—Å–Ω–æ—Å—Ç–∏ –±–∞–Ω–∫–∞¬ª.–ò–º–µ–Ω–Ω–æ –≤–æ—Ç —ç—Ç–∏ —Å–≤–µ—Ä—Ö—Ä–∞–∑—É–º—ã –ø–æ—Ö–∏—Ç–∏–ª–∏ —Å –±–∞–Ω–∫–æ–≤—Å–∫–∏—Ö –∫–∞—Ä—Ç –∂–µ—Ä—Ç–≤ –Ω–µ –º–µ–Ω–µ–µ —Å–µ–º–∏ –º–∏–ª–ª–∏–æ–Ω–æ–≤ —Ä—É–±–ª–µ–π.@romanov_92
75|/media/wtheisen/scratch2/telegram_video/romanov_92/107/post_107_video.mp4|Romanov –õ–∞–π—Ç ]‡£©‡£©‡£©‡£©‡£Ø‡£©‡£©‡£©‡£©‡£©‡£©‡£©‡£©‡£©‡£©‡£©‡£©‡£©‡£©‡£©‡£©‡£©‡£©‡£©‡£©‡£©‡£©‡£©‡£©‡£©‡£©–ù–∞ –ü—É—à–∫–∏–Ω—Å–∫–æ–π –∏–∑–±–∏–ª–∏ –ø—Ä–æ—Ç–∏–≤–Ω–∏–∫–∞ –ê–ª–µ–∫—Å–µ—è –ù–∞–≤–∞–ª—å–Ω–æ–≥–æ, –∫–æ—Ç–æ—Ä—ã–π –∑–∞–±—Ä–∞–ª—Å—è —Å –ø–ª–∞–∫–∞—Ç–æ–º –ø—Ä–æ—Ç–∏–≤ –æ–ø–ø–æ–∑–∏—Ü–∏–æ–Ω–µ—Ä–∞ –Ω–∞ —Ñ–æ–Ω–∞—Ä–Ω—ã–π —Å—Ç–æ–ª–±.
76|/media/wtheisen/scratch2/telegram_video/romanov_92/109/post_109_video.mp4|Romanov –õ–∞–π—Ç ]‡£©‡£©‡£©‡£©‡£Ø‡£©‡£©‡£©‡£©‡£©‡£©‡£©‡£©‡£©‡£©‡£©‡£©‡£©‡£©‡£©‡£©‡£©‡£©‡£©‡£©‡£©‡£©‡£©‡£©‡£©‡£©
77|/media/wtheisen/scratch2/telegram_video/romanov_92/444/post_444_video.mp4|Romanov –õ–∞–π—Ç ]‡£©‡£©‡£©‡£©‡£Ø‡£©‡£©‡£©‡£©‡£©‡£©‡£©‡£©‡£©‡£©‡£©‡£©‡£©‡£©‡£©‡£©‡£©‡£©‡£©‡£©‡£©‡£©‡£©‡£©‡£©‡£©–°–µ–≤–∞—Å—Ç–æ–ø–æ–ª—å. –ò–¥—ë—Ç –ø–æ–¥–≥–æ—Ç–æ–≤–∫–∞ –∫ –ø–∞—Ä–∞–¥—É, –∫–æ—Ç–æ—Ä–æ–≥–æ –Ω–µ –±—É–¥–µ—Ç.@romanov_92
78|/media/wtheisen/scratch2/telegram_video/romanov_92/411/post_411_video.mp4|Romanov –õ–∞–π—Ç ]‡£©‡£©‡£©‡£©‡£Ø‡£©‡£©‡£©‡£©‡£©‡£©‡£©‡£©‡£©‡£©‡£©‡£©‡£©‡£©‡£©‡£©‡£©‡£©‡£©‡£©‡£©‡£©‡£©‡£©‡£©‡£©–†–∞–Ω—å—à–µ —Ü—ã–≥–∞–Ω–µ –±—ã–ª–∏ —Å–ª–∞–≤–Ω—ã —Ç–µ–º, —á—Ç–æ –≤–æ—Ä–æ–≤–∞–ª–∏ –∫–æ–Ω–µ–π –∏ –±–∞–Ω—á–∏–ª–∏ —Ö–º—É—Ä—ã–º. –¢–µ–ø–µ—Ä—å –≤–æ—Ç —Å–∞–º–æ–∫–∞—Ç—ã –∏ —Å–∏–Ω—Ç–µ—Ç–∏–∫–∞... –ü—Ä–æ–≥—Ä–µ—Å—Å, —á–æ...@romanov_92
79|/media/wtheisen/scratch2/telegram_video/romanov_92/295/post_295_video.mp4|Romanov –õ–∞–π—Ç ]‡£©‡£©‡£©‡£©‡£Ø‡£©‡£©‡£©‡£©‡£©‡£©‡£©‡£©‡£©‡£©‡£©‡£©‡£©‡£©‡£©‡£©‡£©‡£©‡£©‡£©‡£©‡£©‡£©‡£©‡£©‡£©–í —ç—Ç–æ–º –≤–∏–¥–µ–æ –≤—Å–µ, —á—Ç–æ –Ω–∞–¥–æ –∑–Ω–∞—Ç—å –†–∞–∑–≤–æ–∂–∞–µ–≤—É –æ —à–∞—Ä–∞—à–∫–µ –Ω–∞ –ú–æ–Ω–∞—Å—Ç—ã—Ä—Å–∫–æ–º...@romanov_92
80|/media/wtheisen/scratch2/telegram_video/romanov_92/45/post_45_video.mp4|Romanov –õ–∞–π—Ç ]‡£©‡£©‡£©‡£©‡£Ø‡£©‡£©‡£©‡£©‡£©‡£©‡£©‡£©‡£©‡£©‡£©‡£©‡£©‡£©‡£©‡£©‡£©‡£©‡£©‡£©‡£©‡£©‡£©‡£©‡£©‡£©–ö–æ—Ä–æ–Ω–∞–≤–∏—Ä—É—Å –¥–æ–ª–∂–µ–Ω –±—ã–ª —Å–ª—É—á–∏—Ç—å—Å—è —Ö–æ—Ç—è –±—ã –¥–ª—è —Ç–æ–≥–æ, —á—Ç–æ–±—ã –≤ —Ç—Ä–µ–Ω–¥—ã —Å–Ω–æ–≤–∞ –≤–µ—Ä–Ω—É–ª–∞—Å—å —Ö–æ—Ä–æ—à–æ –∑–Ω–∞–∫–æ–º–∞ –∏–∑ –¥–µ—Ç—Å—Ç–≤–∞ (—é–Ω–æ—Å—Ç–∏) –ú–∞—Å—è–Ω—è. –ü–æ–∫–∞ –º—ã —Å –≤–∞–º–∏ —Å—Ç–∞—Ä–µ–ª–∏ –∏–º —É–∂–µ –ø–æ–¥—Ä–∏—Å–æ–≤–∞–ª–∏ –ø–∞—Ä–æ—á–∫—É –¥–µ—Ç–µ–π. –ü–æ—Å–ª–µ–¥–Ω–∏–π –≤—ã–ø—É—Å–∫ –ø—Ä–æ ¬´–ò–∑–æ–ª—è—Ü–∏—é¬ª –∑–∞ 4 –¥–Ω—è –ø–æ—Å–º–æ—Ç—Ä–µ–ª–æ —É–∂–µ 2,3 –º–∏–ª–ª–∏–æ–Ω–∞. –ì–µ—Ä–æ–∏ –±—ã–ª—ã—Ö –≤—Ä–µ–º—ë–Ω –µ—â—ë —Å–ø–æ—Å–æ–±–Ω—ã ¬´–ø–æ–ø—ã–ª–∏—Ç—å¬ª.
81|/media/wtheisen/scratch2/telegram_video/romanov_92/437/post_437_video.mp4|"Romanov –õ–∞–π—Ç ]‡£©‡£©‡£©‡£©‡£Ø‡£©‡£©‡£©‡£©‡£©‡£©‡£©‡£©‡£©‡£©‡£©‡£©‡£©‡£©‡£©‡£©‡£©‡£©‡£©‡£©‡£©‡£©‡£©‡£©‡£©‡£©–¶–µ –ï–≤—Ä–æ–ø–∞.""–î–≤–∏–∂"" —É —Å—Ç–∞–¥–∏–æ–Ω–∞ –£—ç–º–±–ª–∏ –≤ –õ–æ–Ω–¥–æ–Ω–µ.–§–∞–Ω–∞—Ç—ã –∞–Ω–≥–ª–∏—á–∞–Ω –ø—Ä–æ—Ä–≤–∞–ª–∏—Å—å —á–µ—Ä–µ–∑ –æ–≥—Ä–∞–∂–¥–µ–Ω–∏—è –∏ –ø—Ä–æ–±—Ä–∞–ª–∏—Å—å –±–µ–∑ –±–∏–ª–µ—Ç–æ–≤. –ê–Ω–≥–ª–∏—á–∞–Ω–µ –Ω–∏–∫–æ–≥–¥–∞ –Ω–µ –≤—ã–∏–≥—Ä—ã–≤–∞–ª–∏ –ï–≤—Ä–æ.@romanov_92"
82|/media/wtheisen/scratch2/telegram_video/romanov_92/362/post_362_video.mp4|"Romanov –õ–∞–π—Ç ]‡£©‡£©‡£©‡£©‡£Ø‡£©‡£©‡£©‡£©‡£©‡£©‡£©‡£©‡£©‡£©‡£©‡£©‡£©‡£©‡£©‡£©‡£©‡£©‡£©‡£©‡£©‡£©‡£©‡£©‡£©‡£©–¢—Ä–æ–µ –ö—Ä—ã–º—Å–∫–∏—Ö –∏–Ω–¥–∏–≤–∏–¥–æ–≤ (–æ–±—â–µ—Å—Ç–≤–µ–Ω–Ω–∏–∫–∏?) —Ä–µ—à–∏–ª–∏, —á—Ç–æ —Ä–∞–∑ –æ–¥–Ω–∏–º –º–æ–∂–Ω–æ —Å–ª–∞—Ç—å –ø*—Å—å–∫–∏ –≤ –ª–∏—á–∫—É —Ç–æ –∏ –∏–º –Ω–µ –≥—Ä–µ—Ö –∑–∞–π—Ç–∏ –ø–æ –±–µ—Å–ø—Ä–µ–¥–µ–ª—É –∏ —Ä–µ—à–∏–ª–∏ –ø–æ—Ö–∏—Ç–∏—Ç—å –°–µ–≤–∞—Å—Ç–æ–ø–æ–ª—å—Ü–∞ —Å —Ü–µ–ª—å—é –≤—ã–∫—É–ø–∞ (—Ç—è–∂–∫–æ –Ω—ã–Ω—á–µ —É –æ–±—â–µ—Å—Ç–≤–µ–Ω–Ω–∏–∫–æ–≤ —Å –±–∞–±–ª–æ–º - –Ω–∏ —á–µ–º –Ω–µ –≥–Ω—É—à–∞—é—Ç—Å—è).–ì—Ä–∞–∂–¥–∞–Ω–∏–Ω–∞ –∑–ª–æ–¥–µ–∏ –Ω–∞—Ö–ª–æ–±—É—á–∏–ª–∏ –Ω–∞ –≤–µ—á–µ—Ä–Ω–µ–π –ø—Ä–æ–≥—É–ª–∫–µ —Å —Å–æ–±–∞–∫–æ–π –∏ –ø–æ–≤–µ–∑–ª–∏ –≤ –°–∏–º—Ñ–µ—Ä–æ–ø–æ–ª—å. –ü–æ —Ç—Ä–∞—Å—Å–µ –∏—Ö —Ä–µ–∞–ª–∏–∑–æ–≤–∞–ª–∏ –ø–∞—Ä–Ω–∏ –∏–∑ –£–ú–í–î –†–æ—Å—Å–∏–∏ –ø–æ –≥. –°–µ–≤–∞—Å—Ç–æ–ø–æ–ª—å —Å–æ–≤–º–µ—Å—Ç–Ω–æ —Å –ö—Ä—ã–º—Å–∫–∏–º–∏ –∫–æ–ª–ª–µ–≥–∞–º–∏ (–∫–∞–∫ –ª—é–±–∏—Ç –Ω–∞–∑—ã–≤–∞—Ç—å –∏—Ö –ö—Ä—ã–º—Å–∫–∏–π –æ–±—â–µ—Å—Ç–≤–µ–Ω–Ω–∏–∫ –ö–æ–Ω—Å—Ç–∞–Ω—Ç–∏–Ω –ï—Ä–º–∞–Ω–æ–≤ - ""–º—É—Å–æ—Ä–∞"" –∏ ""—à–µ—Ä—Å—Ç—å"").–°–æ—Ç—Ä—É–¥–Ω–∏–∫–∏ –æ—Ç—Ä–∞–±–æ—Ç–∞–ª–∏ –Ω–∞ –æ—Ç–ª–∏—á–Ω–æ - –∑–∞–ª–æ–∂–Ω–∏–∫ –∂–∏–≤-–∑–¥–æ—Ä–æ–≤, –∑–ª–æ–¥–µ–∏ –ø–æ–¥ —Å–ª–µ–¥—Å—Ç–≤–∏–µ–º. –°—Ç–æ–∏—Ç –æ—Ç–º–µ—Ç–∏—Ç—å, —á—Ç–æ –ø—Ä–∏ –∑–∞–¥–µ—Ä–∂–∞–Ω–∏–∏ –æ–¥–∏–Ω –∏–∑ –∑–ª–æ–¥–µ–µ–≤ –ø—ã—Ç–∞–ª—Å—è –ø—Ä–æ–¥–æ–ª–∂–∏—Ç—å –¥–≤–∏–∂–µ–Ω–∏–µ, —á–µ–º —Å–æ–∑–¥–∞–ª —É–≥—Ä–æ–∑—É –∂–∏–∑–Ω–∏ –∏ –∑–¥–æ—Ä–æ–≤—å—é —Å–æ—Ç—Ä—É–¥–Ω–∏–∫–∞–º –ø–æ–ª–∏—Ü–∏–∏. @romanov_92"
83|/media/wtheisen/scratch2/telegram_video/Ateobreaking/239/post_239_video.mp4|Ateo Breaking ‚úî–ì–æ—Ä–æ–¥ –î–∑–µ—Ä–∂–∏–Ω—Å–∫–∏–π. –ü–æ–ª–∏—Ü–∏—è –≤ —Ä—É–ø–æ—Ä –æ–±—ä—è–≤–ª—è–µ—Ç, —á—Ç–æ –≤ –≥–æ—Ä–æ–¥–µ –≤–≤–µ–¥–µ–Ω –∫–æ–º–µ–Ω–¥–∞–Ω—Ç—Å–∫–∏–π —á–∞—Å
84|/media/wtheisen/scratch2/telegram_video/Ateobreaking/500/post_500_video.mp4|Ateo Breaking ‚úî–ú–æ—Å–∫–≤–∏—á–∏ –ø—Ä–∏—Å—ã–ª–∞—é—Ç –≤–∏–¥–µ–æ —Å –ø—É—Å—Ç—ã–º–∏ —Å—Ç–∞–Ω—Ü–∏—è–º–∏ –º–µ—Ç—Ä–æ
85|/media/wtheisen/scratch2/telegram_video/Ateobreaking/24/post_24_video.mp4|Ateo Breaking ‚úî–í –ø—Ä–æ–≤–∏–Ω—Ü–∏–∏ –•—É–±—ç–π –≤ –ö–∏—Ç–∞–µ –Ω–∞—Ä–æ–¥ –±—É–Ω—Ç—É–µ—Ç. –ü–æ–¥—Ä–æ–±–Ω–æ—Å—Ç–µ–π –ø–æ–∫–∞ –Ω–µ—Ç.–ü–æ—Å–ª–µ —Å–Ω—è—Ç–∏—è –∫–∞—Ä–∞–Ω—Ç–∏–Ω–∞, –∂–∏—Ç–µ–ª–∏ –ø—Ä–æ–≤–∏–Ω—Ü–∏–∏ –•—É–±—ç–π, –∂–µ–ª–∞–≤—à–∏–µ –µ–µ –ø–æ–∫–∏–Ω—É—Ç—å, –Ω–µ —Å–º–æ–≥–ª–∏ —ç—Ç–æ —Å–¥–µ–ª–∞—Ç—å, —Ç–∞–∫ –∫–∞–∫ –±–ª–æ–∫ –ø–æ—Å—Ç—ã –Ω–∞ –≥—Ä–∞–Ω–∏—Ü–µ –ø—Ä–æ–≤–∏–Ω—Ü–∏–∏ –Ω–∏–∫–æ–≥–æ –Ω–µ –≤—ã–ø—É—Å–∫–∞–ª–∏. –≠—Ç–æ –∏ –ø–æ—Å–ª—É–∂–∏–ª–æ –ø—Ä–∏—á–∏–Ω–æ–π –±–µ—Å–ø–æ—Ä—è–¥–∫–æ–≤.
86|/media/wtheisen/scratch2/telegram_video/Ateobreaking/174/post_174_video.mp4|Ateo Breaking ‚úî–û—Å—Ç–∞—Ç–∫–∏ —Ä–∞–∫–µ—Ç—ã-–ø–µ—Ä–µ—Ö–≤–∞—Ç—á–∏–∫–∞ –ó–†–ö Patriot –ø–æ—Å–ª–µ —É—Å–ø–µ—à–Ω–æ–≥–æ –ø–æ—Ä–∞–∂–µ–Ω–∏—è –æ–¥–Ω–æ–π –∏–∑ –≤—Ä–∞–∂–µ—Å–∫–∏—Ö —Ä–∞–∫–µ—Ç –Ω–∞–¥ —Å—Ç–æ–ª–∏—Ü–µ–π –°–∞—É–¥–æ–≤—Å–∫–æ–π –ê—Ä–∞–≤–∏–∏ –≥–æ—Ä–æ–¥–æ–º –≠—Ä-–†–∏—è–¥–æ–º.
87|/media/wtheisen/scratch2/telegram_video/Ateobreaking/171/post_171_video.mp4|Ateo Breaking ‚úî
88|/media/wtheisen/scratch2/telegram_video/Ateobreaking/577/post_577_video.mp4|Ateo Breaking ‚úî–ü–æ–∫–∞ –º—ã –∂–¥—ë–º –æ–±—Ä–∞—â–µ–Ω–∏—è –∫ –Ω–∞—Ä–æ–¥—É –†–æ—Å—Å–∏–∏, –¥–∞–≤–∞–π—Ç–µ –≤—Å–ø–æ–º–Ω–∏–º –æ–¥–Ω–æ –∏–∑ –ø–µ—Ä–≤—ã—Ö –æ–±—Ä–∞—â–µ–Ω–∏–π –í–ª–∞–º–∏—Ä–∞ –ü—É—Ç–∏–Ω–∞ –∫ –Ω–∞—Ä–æ–¥—É —á—É—Ç—å –±–æ–ª—å—à–µ 20-—Ç–∏ –ª–µ—Ç –Ω–∞–∑–∞–¥. –ö—Å—Ç–∞—Ç–∏, –Ω–µ—Ñ—Ç—å —Å—Ç–æ–∏–ª–∞ —Å—Ç–æ–ª—å–∫–æ –∂–µ.
89|/media/wtheisen/scratch2/telegram_video/Ateobreaking/401/post_401_video.mp4|Ateo Breaking ‚úî–í –ö—Ä–∞—Å–Ω–æ–¥–∞—Ä—Å–∫–æ–º –∫—Ä–∞–µ –≥–æ—Ä–∏—Ç –∫–∞–º—ã—à –Ω–∞ –ø–ª–æ—â–∞–¥–∏ 1200 –∫–≤. –º. –í —Ç—É—à–µ–Ω–∏–µ –∑–∞–¥–µ–π—Å—Ç–≤–æ–≤–∞–Ω–æ 11 –µ–¥–∏–Ω–∏—Ü —Ç–µ—Ö–Ω–∏–∫–∏ –∏ 48 —á–µ–ª–æ–≤–µ–∫, —Å–æ–æ–±—â–∞—é—Ç –≤ –ú–ß–°
90|/media/wtheisen/scratch2/telegram_video/Ateobreaking/523/post_523_video.mp4|Ateo Breaking ‚úî–ì—É–±–µ—Ä–Ω–∞—Ç–æ—Ä –õ–µ–Ω–∏–Ω–≥—Ä–∞–¥—Å–∫–æ–π –æ–±–ª–∞—Å—Ç–∏ –≤–æ –≤—Ä–µ–º—è –ø—Ä–µ—Å—Å-–∫–æ–Ω—Ñ–µ—Ä–µ–Ω—Ü–∏–∏ –ø—Ä—è–º–æ –Ω–∞–∑–≤–∞–ª –ª—é–¥–µ–π —Ä–∞–±–∞–º–∏.–í–ª–∞—Å—Ç—å —É–∂–µ –Ω–µ —Å–∫—Ä—ã–≤–∞–µ—Ç —Å–≤–æ–µ –æ—Ç–Ω–æ—à–µ–Ω–∏–µ –∫ –æ—Å—Ç–∞–ª—å–Ω–æ–º—É –ª—é–¥—É:
91|/media/wtheisen/scratch2/telegram_video/Ateobreaking/169/post_169_video.mp4|Ateo Breaking ‚úî‚ö°Ô∏è–í —Ä–∞–π–æ–Ω–µ —Å—Ç–æ–ª–∏—Ü—ã –°–∞—É–¥–æ–≤—Å–∫–æ–π –ê—Ä–∞–≤–∏–∏ —Å—Ä–∞–±–æ—Ç–∞–ª–∏ —Å–∏—Å—Ç–µ–º—ã –ü–í–û.–ü–æ –∏–Ω—Ñ–æ—Ä–º–∞—Ü–∏–∏ Al-Arabiya, —Å–∏—Å—Ç–µ–º–∞–º–∏ –ü–í–û –±—ã–ª–∏ –ø–µ—Ä–µ—Ö–≤–∞—á–µ–Ω—ã –¥–≤–µ —Ä–∞–∫–µ—Ç—ã.
92|/media/wtheisen/scratch2/telegram_video/Ateobreaking/526/post_526_video.mp4|Ateo Breaking ‚úî–ú–∞—Ö–∞—á–∫–∞–ª–∞, –≤—ä–µ–∑–¥ –≤ –≥–æ—Ä–æ–¥. –ü–æ—Å–º–æ—Ç—Ä–∏—Ç–µ –¥–æ –∫–æ–Ω—Ü–∞.
93|/media/wtheisen/scratch2/telegram_video/Ateobreaking/147/post_147_video.mp4|Ateo Breaking ‚úî–ì—É—á—á–∏ –∂–µ—Ä—Ç–≤—É–µ—Ç –º–∏–ª–ª–∏–æ–Ω—ã –Ω–∞ –±–æ—Ä—å–±—É —Å –≤–∏—Ä—É—Å–æ–º. –î—Ä—É–≥–æ–π –±—Ä–µ–Ω–¥ –ø–æ —Å—Ç—Ä–∏–º—É —É—á–∏—Ç –±–µ—Å–ø–ª–∞—Ç–Ω–æ –¥–µ–ª–∞—Ç—å –º–∞—Å–∫–∏. –ê —É –Ω–∞—Å –¥–æ—á—å –º–æ—à–µ–Ω–Ω–∏–∫–∞ –∏ –Ω–∞—Ä–∫–æ–º–∞–Ω–∞ –ö–µ—Ç–∏ –¢–æ–ø—É—Ä–∏—è –ø—Ä–æ–¥–∞–µ—Ç –µ–±–∞–Ω—ã–π –ª–æ—Å–∫—É—Ç–æ–∫ —Ç–∫–∞–Ω–∏ –±–µ–∑ —Ñ–∏–ª—å—Ç—Ä–æ–≤ –∑–∞ 1500 —Ä—É–±.
94|/media/wtheisen/scratch2/telegram_video/Ateobreaking/68/post_68_video.mp4|Ateo Breaking ‚úî–ê–∫—Ç–∏–≤–∏—Å—Ç—ã ¬´—Ä–æ—Å—Å–∏–π—Å–∫–æ–≥–æ –¥–≤–∏–∂–µ–Ω–∏—è –∫–æ–ª–ª–µ–¥–∂–µ–π¬ª –≤ –°–∞—Ä–∞–Ω—Å–∫–µ (—Ç–∞–∫–æ–µ —Ç–æ–∂–µ —Å—É—â–µ—Å—Ç–≤—É–µ—Ç) —Ä–µ—à–∏–ª–∏ –ø–æ–¥–Ω—è—Ç—å –Ω–∞—Å—Ç—Ä–æ–µ–Ω–∏–µ –≥–æ—Ä–æ–∂–∞–Ω–∞–º –∏ –ø—Ä–æ–≤–µ—Å—Ç–∏ –∞–∫—Ü–∏—é ¬´–ù–µ –±–æ–∏—à—å—Å—è –∫–æ—Ä–æ–Ω–∞–≤–∏—Ä—É—Å–∞ ‚Äì –¥–∞–π –ø—è—Ç—å¬ª.
95|/media/wtheisen/scratch2/telegram_video/Ateobreaking/194/post_194_video.mp4|Ateo Breaking ‚úî–°–µ–≥–æ–¥–Ω—è –≥—Ä–æ–º–∞–¥–Ω—ã–µ –æ—á–µ—Ä–µ–¥–∏ –Ω–∞ –ø—Ä–æ—Ö–æ–¥–Ω–æ–π –û–º—Å–∫–æ–≥–æ –Ω–µ—Ñ—Ç–µ–ø–µ—Ä–µ—Ä–∞–±–∞—Ç—ã–≤–∞—é—â–µ–≥–æ –∑–∞–≤–æ–¥–∞ —á—Ç–æ–±—ã –∏–∑–º–µ—Ä–∏—Ç—å —Ç–µ–º–ø–µ—Ä–∞—Ç—É—Ä—É —Ç–µ–ª–∞. –ù—É –≤ —Ç–∞–∫–æ–π —Ç–æ–ª–ø–µ –ø–æ –º–Ω–µ–Ω–∏—é –Ω–∞—á–∞–ª—å—Å—Ç–≤–∞ –Ω–∏–∫—Ç–æ –Ω–µ –∑–∞—Ä–∞–∑–∏—Ç—Å—è, –≥–ª–∞–≤–Ω–æ–µ —Ç–µ–º–ø–µ—Ä–∞—Ç—É—Ä—É –ø–æ–º–µ—Ä–∏—Ç—å
96|/media/wtheisen/scratch2/telegram_video/Ateobreaking/190/post_190_video.mp4|Ateo Breaking ‚úî
97|/media/wtheisen/scratch2/telegram_video/Ateobreaking/474/post_474_video.mp4|Ateo Breaking ‚úî–ù–µ–º–Ω–æ–≥–æ –æ –±—É–¥–Ω—è—Ö —Å—É—Ä–æ–≤–æ–≥–æ –≥–æ—Ä–æ–¥–∞. –ü–æ–ª–∏–≤–∞–ª—å–Ω—ã–µ –º–∞—à–∏–Ω—ã –ø—Ä–æ—à–ª–∏ –ø–æ –ß–µ–ª—è–±–∏–Ω—Å–∫—É –∏ –æ–±—Ä–∞–±–æ—Ç–∞–ª–∏ –¥–æ—Ä–æ–≥–∏ –ø–µ—Ä–µ–∫–∏—Å—å—é –≤–æ–¥–æ—Ä–æ–¥–∞.–í—ã–≥–ª—è–¥–∏—Ç... –Ω–µ–æ–±—ã—á–Ω–æ.
98|/media/wtheisen/scratch2/telegram_video/Ateobreaking/316/post_316_video.mp4|Ateo Breaking ‚úî–õ–æ—Å-–ê–Ω–¥–∂–µ–ª–µ—Å –≤–æ –≤—Ä–µ–º—è –∫–∞—Ä–∞–Ω—Ç–∏–Ω–∞
99|/media/wtheisen/scratch2/telegram_video/Ateobreaking/488/post_488_video.mp4|Ateo Breaking ‚úî–ñ–∏—Ç–µ–ª–µ–π –ù–æ–≤–æ—Å–∏–±–∏—Ä—Å–∫–∞ –Ω–∞–ø—É–≥–∞–ª–∏ —Å–∏—Ä–µ–Ω–∞–º–∏. –ò—Ö –≤—Ä—É–±–∏–ª–∏ —á–µ—Ä–µ–∑ –≥–æ—Ä–æ–¥—Å–∫–∏–µ –º–∞—Ç—é–≥–∞–ª—å–Ω–∏–∫–∏ –≤–º–µ—Å—Ç–µ —Å –æ–ø–æ–≤–µ—â–µ–Ω–∏—è–º–∏ –æ —Å–∞–º–æ–∏–∑–æ–ª—è—Ü–∏–∏. –ù–æ –∂–∞–ª–æ–± –æ–∫–∞–∑–∞–ª–æ—Å—å —Ç–∞–∫ –º–Ω–æ–≥–æ, —á—Ç–æ —á–∏–Ω–æ–≤–Ω–∏–∫–∏ —Ä–µ—à–∏–ª–∏ —Å–∏—Ä–µ–Ω—É —É–±—Ä–∞—Ç—å
100|/media/wtheisen/scratch2/telegram_video/Ateobreaking/135/post_135_video.mp4|"Ateo Breaking ‚úî–í –†–æ—Å—Ç–æ–≤–µ-–Ω–∞-–î–æ–Ω—É –∑–∞–≥–æ—Ä–µ–ª—Å—è –∫–∞–º—ã—à. –ò –æ–≥–æ–Ω—å –ø–æ–¥–±–∏—Ä–∞–µ—Ç—Å—è –≤–ø–ª–æ—Ç–Ω—É—é –≤ ""–†–æ—Å—Ç–æ–≤ –ê—Ä–µ–Ω–µ"". –ü–æ–∂–∞—Ä–Ω—ã–º –ø–æ–∫–∞ —Å —Ç—Ä—É–¥–æ–º —É–¥–∞–µ—Ç—Å—è —Å–¥–µ—Ä–∂–∏–≤–∞—Ç—å –ø–ª–∞–º—è"
101|/media/wtheisen/scratch2/telegram_video/Ateobreaking/144/post_144_video.mp4|Ateo Breaking ‚úî–í –†–æ—Å—Ç–æ–≤–µ-–Ω–∞-–î–æ–Ω—É –∫–∞–∫–∏–µ-—Ç–æ –ø–æ–µ—Ö–∞–≤—à–∏–µ –ø–æ–¥–æ–∂–≥–ª–∏ –∫–∞–º—ã—à–∏. –ü–æ–∂–∞—Ä —Ä–∞–∑–≥–æ—Ä–µ–ª—Å—è –Ω–∞—Å—Ç–æ–ª—å–∫–æ, —á—Ç–æ –ø—Ä–∏—à–ª–æ—Å—å –∑–∞–¥–µ–π—Å—Ç–≤–æ–≤–∞—Ç—å –∞–≤–∏–∞—Ü–∏—é –∏ –±–æ–ª—å—à–æ–µ –∫–æ–ª–∏—á–µ—Å—Ç–≤–æ –ø–æ–∂–∞—Ä–Ω—ã—Ö. –°–æ—Ç—Ä—É–¥–Ω–∏–∫ –ú–ß–° –ø–æ–≥–∏–±, –ø–æ–¥–∂–∏–≥–∞—Ç–µ–ª–µ–π –∏—â—É—Ç
102|/media/wtheisen/scratch2/telegram_video/Ateobreaking/79/post_79_video.mp4|Ateo Breaking ‚úî–ß–µ—á–µ–Ω–µ—Ü —É–≥—Ä–æ–∂–∞–µ—Ç –æ—Ç—Ä—É–±–∏—Ç—å —Ä—É–∫—É —Å–æ—Ç—Ä—É–¥–Ω–∏–∫—É –ú–í–î, –∫–æ—Ç–æ—Ä—ã–π –¥–∞–ª –ø–æ–¥–∑–∞—Ç—ã–ª—å–Ω–∏–∫ –∑–∞–¥–µ—Ä–∂–∞–Ω–Ω–æ–º—É –Ω–∞ —ç—Ç–æ–º –≤–∏–¥–µ–æ–ù–µ–¥–µ–ª—é –Ω–∞–∑–∞–¥ –≤ –ú–æ—Å–∫–≤–µ –≤–∑—è–ª–∏ –±–∞–Ω–¥—É, –∫–æ—Ç–æ—Ä–∞—è –≥—Ä–∞–±–∏–ª–∞ –ª—é–¥–µ–π. –ü—Ä–∏–Ω—è–ª–∏ –æ—Ç–º–æ—Ä–æ–∑–∫–æ–≤ –¥–æ—Å—Ç–∞—Ç–æ—á–Ω–æ –∂–µ—Å—Ç–∫–æ, –∏ —Ç–µ–ø–µ—Ä—å —Å–æ—Ç—Ä—É–¥–Ω–∏–∫–æ–≤ —Ä–∞–∑—ã—Å–∫–∏–≤–∞–µ—Ç –Ω–µ–∫–∏–π –≤–ª–∏—è—Ç–µ–ª—å–Ω—ã–π —á–µ—á–µ–Ω–µ—Ü, –≥—Ä–æ–∑—è—â–∏–π—Å—è –æ—Ç—Ä—É–±–∏—Ç—å —Ä—É–∫—É –æ–ø–µ—Ä–∞—Ç–∏–≤–Ω–∏–∫—É, –∫–æ—Ç–æ—Ä—ã–π –æ—Ç–≤–µ—Å–∏–ª –ø–∞—Ä—É –∑–∞—Ç—Ä–µ—â–∏–Ω –∫–∞–≤–∫–∞–∑—Ü—É-—Ä–∞–∑–±–æ–π–Ω–∏–∫—É. –í–∏–¥–µ–æ ‚Äî Readovka
103|/media/wtheisen/scratch2/telegram_video/Ateobreaking/487/post_487_video.mp4|Ateo Breaking ‚úî‚ùóÔ∏è –ü–æ—è–≤–∏–ª–æ—Å—å –≤–∏–¥–µ–æ –∏–∑ –º–∞–≥–∞–∑–∏–Ω–∞, –≥–¥–µ –º—É–∂—á–∏–Ω–∞ —Ä–∞–Ω–∏–ª –ø—Ä–æ–¥–∞–≤—Ü–∞ –º–∞—á–µ—Ç–µ–°–µ–π—á–∞—Å —à–∏–∑–∏–∫–∞ –∏—â–µ—Ç –ø–æ–ª–∏—Ü–∏—è, –∞ –ø–æ—Å—Ç—Ä–∞–¥–∞–≤—à–µ–≥–æ –ø–∞—Ä–Ω—è –¥–æ—Å—Ç–∞–≤–∏–ª–∏ –≤ –±–æ–ª—å–Ω–∏—Ü—É.
104|/media/wtheisen/scratch2/telegram_video/Ateobreaking/112/post_112_video.mp4|Ateo Breaking ‚úî–°–∞–º–æ–∏–∑–æ–ª—è—Ü–∏—è, –∫–∞—Ä–∞–Ω—Ç–∏–Ω, –±–æ—Ä—å–±–∞ —Å –∫–æ—Ä–æ–Ω–∞–≤–∏—Ä—É—Å–æ–º –≤ –†–æ—Å—Å–∏–∏–û–º—Å–∫
105|/media/wtheisen/scratch2/telegram_video/Ateobreaking/301/post_301_video.mp4|Ateo Breaking ‚úî–ñ–∏—Ç–µ–ª–∏ –°–∏–Ω–≥–∞–ø—É—Ä–∞ —Å–µ–≥–æ–¥–Ω—è —Ä–µ—à–∏–ª–∏ –ø–æ–¥–¥–µ—Ä–∂–∞—Ç—å –≤—Ä–∞—á–µ–π, –±–æ—Ä—é—â–∏—Ö—Å—è —Å –∫–æ—Ä–æ–Ω–∞–≤–∏—Ä—É—Å–æ–º.
106|/media/wtheisen/scratch2/telegram_video/Ateobreaking/521/post_521_video.mp4|Ateo Breaking ‚úî–û—Ç –∫–æ—Ä–æ–Ω–∞–≤–∏—Ä—É—Å–∞ –Ω–µ—Ç –≤–∞–∫—Ü–∏–Ω—ã. –†–µ–∂–∏–º —Å–∞–º–æ–∏–∑–æ–ª—è—Ü–∏–∏ - —ç—Ç–æ —Å–µ–π—á–∞—Å —Å–∞–º–æ–µ –≥–ª–∞–≤–Ω–æ–µ. –¢–∞–∫ –ü–æ–¥–º–æ—Å–∫–æ–≤—å–µ –±—ã—Å—Ç—Ä–µ–µ —Å–º–æ–∂–µ—Ç –≤–µ—Ä–Ω—É—Ç—å—Å—è –∫ –æ–±—ã—á–Ω–æ–π –∂–∏–∑–Ω–∏. –ê–Ω–¥—Ä–µ–π –í–æ—Ä–æ–±—å–µ–≤ —Ä–∞—Å—Å–∫–∞–∑–∞–ª –∂–∏—Ç–µ–ª—è–º —Ä–µ–≥–∏–æ–Ω–∞ –æ —Å–∏—Ç—É–∞—Ü–∏–∏ —Å –∫–æ—Ä–æ–Ω–∞–≤–∏—Ä—É—Å–Ω–æ–π –∏–Ω—Ñ–µ–∫—Ü–∏–µ–π –≤ –ú–æ—Å–∫–æ–≤—Å–∫–æ–π –æ–±–ª–∞—Å—Ç–∏.
107|/media/wtheisen/scratch2/telegram_video/Ateobreaking/333/post_333_video.mp4|Ateo Breaking ‚úî–£—Ä–æ–≤–µ–Ω—å –∫–∞—Ä–∞–Ω—Ç–∏–Ω–∞ –≤ –ò–∑—Ä–∞–∏–ª–µ
108|/media/wtheisen/scratch2/telegram_video/Ateobreaking/87/post_87_video.mp4|Ateo Breaking ‚úî–ñ–∏—Ç–µ–ª–∏ —Å—Ç–æ–ª–∏—Ü—ã –£–∑–±–µ–∫–∏—Å—Ç–∞–Ω–∞ –¢–∞—à–∫–µ–Ω—Ç–∞ —Å –±–∞–ª–∫–æ–Ω–æ–≤ –∏ –æ–∫–æ–Ω –∞–ø–ª–æ–¥–∏—Ä—É—é—Ç –≤—Å–µ–º —Ç–µ–º, –∫—Ç–æ –±–æ—Ä–µ—Ç—Å—è —Å –∫–æ—Ä–æ–Ω–∞–≤–∏—Ä—É—Å–æ–º –≤ 22:00 –ø–æ –º–µ—Å—Ç–Ω–æ–º—É –≤—Ä–µ–º–µ–Ω–∏
109|/media/wtheisen/scratch2/telegram_video/Ateobreaking/213/post_213_video.mp4|Ateo Breaking ‚úî‚ö°Ô∏è–ò–∑ –í–∏—à–Ω–µ–≤—Å–∫–æ–≥–æ –≤ –ö–∞–∑–∞–Ω–∏ –ø–∞—Ä–µ–Ω—å —Å–æ–±–∏—Ä–∞–µ—Ç—Å—è –ø—Ä—ã–≥–Ω—É—Ç—å —Å –º–æ—Å—Ç–∞. –ì–ò–ë–î–î –ø–µ—Ä–µ–∫—Ä—ã–ª–∏ –¥–æ—Ä–æ–≥—É.
110|/media/wtheisen/scratch2/telegram_video/Ateobreaking/435/post_435_video.mp4|Ateo Breaking ‚úî–í –°–∞–Ω–∫—Ç-–ü–µ—Ç–µ—Ä–±—É—Ä–≥–µ —Å–µ–≥–æ–¥–Ω—è —Ç–æ–∂–µ –ø—É—Å—Ç–æ. –ò—Å—Ç–æ—Ä–∏—á–µ—Å–∫–∏–µ –∫–∞–¥—Ä—ã.
111|/media/wtheisen/scratch2/telegram_video/Ateobreaking/164/post_164_video.mp4|Ateo Breaking ‚úî–ê–º–µ—Ä–∏–∫–∞–Ω—Å–∫–∏–µ –≤—Ä–∞—á–∏ –ø–æ–∫–∞–∑–∞–ª–∏, –∫–∞–∫ –∫–æ—Ä–æ–Ω–∞–≤–∏—Ä—É—Å –ø–æ—Ä–∞–∂–∞–µ—Ç –ª–µ–≥–∫–∏–µ —á–µ–ª–æ–≤–µ–∫–∞–ú–µ–¥–∏–∫–∏ –∏–∑ –≥–æ—Å–ø–∏—Ç–∞–ª—è —É–Ω–∏–≤–µ—Ä—Å–∏—Ç–µ—Ç–∞ –î–∂–æ—Ä–¥–∂–∞ –í–∞—à–∏–Ω–≥—Ç–æ–Ω–∞ —Å–æ–∑–¥–∞–ª–∏ –∫–æ–º–ø—å—é—Ç–µ—Ä–Ω—É—é 3D-–º–æ–¥–µ–ª—å –ª–µ–≥–∫–∏—Ö –Ω–∞ –æ—Å–Ω–æ–≤–µ –¥–∞–Ω–Ω—ã—Ö –∫–æ–º–ø—å—é—Ç–µ—Ä–Ω–æ–π —Ç–æ–º–æ–≥—Ä–∞—Ñ–∏–∏ —Ä–µ–∞–ª—å–Ω–æ–≥–æ –ø–∞—Ü–∏–µ–Ω—Ç–∞ —Å –∫–æ—Ä–æ–Ω–∞–≤–∏—Ä—É—Å–æ–º. –ñ–µ–ª—Ç—ã–µ —É—á–∞—Å—Ç–∫–∏ - —ç—Ç–æ –ø–æ–≤—Ä–µ–∂–¥–µ–Ω–∏–µ –ª–µ–≥–∫–∏—Ö.
112|/media/wtheisen/scratch2/telegram_video/Ateobreaking/212/post_212_video.mp4|Ateo Breaking ‚úî–ù–∞ –ü–∞—Ç—Ä–∏–∞—Ä—à–∏—Ö –ø—Ä—É–¥–∞—Ö –∂–∏—Ç–µ–ª–µ–π –ú–æ—Å–∫–≤—ã –ø—Ä–∏–∑—ã–≤–∞—é—Ç —Ä–∞–∑–æ–π—Ç–∏—Å—å –ø–æ –¥–æ–º–∞–º. –ú–∞—à–∏–Ω—ã —Å –≥—Ä–æ–º–∫–æ–≥–æ–≤–æ—Ä–∏—Ç–µ–ª—è–º–∏ —Ç–∞–∫–∂–µ —Ä–∞–±–æ—Ç–∞—é—Ç –Ω–∞ –î–µ–ª–µ–≥–∞—Ç—Å–∫–æ–π —É–ª–∏—Ü–µ.
113|/media/wtheisen/scratch2/telegram_video/Ateobreaking/91/post_91_video.mp4|Ateo Breaking ‚úî–ö–∞—Ä–∞–Ω—Ç–∏–Ω –≤ –ß–µ—á–Ω–µ –≤—ã–≥–ª—è–¥–∏—Ç –∫–∞–∫-—Ç–æ —Ç–∞–∫. –≠—Ç–æ –≤–∏–¥–µ–æ —Å–Ω—è—Ç–æ –≤ –ì—Ä–æ–∑–Ω–æ–º. –ü–æ –≥–æ—Ä–æ–¥—É –µ–∑–¥—è—Ç –ø–∞—Ç—Ä—É–ª—å–Ω—ã–µ –º–∞—à–∏–Ω—ã, –ø–æ–ª–∏—Ü–µ–π—Å–∫–∏–µ –ø—Ä–æ—Å—è—Ç –ª—é–¥–µ–π —É–π—Ç–∏ —Å —É–ª–∏—Ü—ã –∏ –∑–∞–π—Ç–∏ –¥–æ–º–æ–π.
114|/media/wtheisen/scratch2/telegram_video/Ateobreaking/496/post_496_video.mp4|Ateo Breaking ‚úî–í –ü–∏—Ç–µ—Ä–µ —Å–æ—Ç–Ω–∏ –º–∏–≥—Ä–∞–Ω—Ç–æ–≤ –æ—Å–∞–∂–¥–∞—é—Ç –ï–ú–¶, —á—Ç–æ–±—ã –æ—Å—Ç–∞—Ç—å—Å—è –≤ –†–æ—Å—Å–∏–∏. –ü–æ—Å–º–æ—Ç—Ä–∏—Ç–µ –Ω–∞ —ç—Ç–∏ –∫–∞–¥—Ä—ã. 2000 –∑–∞—Ä–∞–∂–µ–Ω–Ω—ã—Ö –≥–æ–≤–æ—Ä–∏—Ç–µ? –í–∏–¥–µ–æ - –ú—ç—à
115|/media/wtheisen/scratch2/telegram_video/Ateobreaking/170/post_170_video.mp4|Ateo Breaking ‚úî
116|/media/wtheisen/scratch2/telegram_video/Ateobreaking/568/post_568_video.mp4|Ateo Breaking ‚úî
117|/media/wtheisen/scratch2/telegram_video/Ateobreaking/208/post_208_video.mp4|Ateo Breaking ‚úî–ß—Ç–æ–±—ã –Ω–∞—Ä—É—à–∏—Ç—å —Ä–µ–∂–∏–º –∫–∞—Ä–∞–Ω—Ç–∏–Ω–∞ –≤ –í–µ–Ω–µ—Å—É—ç–ª–µ –Ω—É–∂–Ω–æ –ª–∏—à—å –Ω–µ–º–Ω–æ–≥–æ –∑–∞–ø–ª–∞—Ç–∏—Ç—å –ø–æ–ª–∏—Ü–µ–π—Å–∫–∏–º.
118|/media/wtheisen/scratch2/telegram_video/rlz_the_kraken/387/post_387_video.mp4|–í—ã–ø—É—Å–∫–∞–π—Ç–µ –ö—Ä–∞–∫–µ–Ω–∞!
119|/media/wtheisen/scratch2/telegram_video/rlz_the_kraken/216/post_216_video.mp4|–í—ã–ø—É—Å–∫–∞–π—Ç–µ –ö—Ä–∞–∫–µ–Ω–∞!
120|/media/wtheisen/scratch2/telegram_video/rlz_the_kraken/46/post_46_video.mp4|–í—ã–ø—É—Å–∫–∞–π—Ç–µ –ö—Ä–∞–∫–µ–Ω–∞!
121|/media/wtheisen/scratch2/telegram_video/rlz_the_kraken/105/post_105_video.mp4|–í—ã–ø—É—Å–∫–∞–π—Ç–µ –ö—Ä–∞–∫–µ–Ω–∞!
122|/media/wtheisen/scratch2/telegram_video/rlz_the_kraken/183/post_183_video.mp4|–í—ã–ø—É—Å–∫–∞–π—Ç–µ –ö—Ä–∞–∫–µ–Ω–∞!–ì—É–±–µ—Ä–Ω–∞—Ç–æ—Ä –°—Ç–∞–≤—Ä–æ–ø–æ–ª—å—è –ø–æ—Å–ª–µ –≤–æ–ø—Ä–æ—Å–∞ –ø—Ä–æ –¥–µ–Ω—å–≥–∏
123|/media/wtheisen/scratch2/telegram_video/rlz_the_kraken/384/post_384_video.mp4|–í—ã–ø—É—Å–∫–∞–π—Ç–µ –ö—Ä–∞–∫–µ–Ω–∞!
124|/media/wtheisen/scratch2/telegram_video/rlz_the_kraken/86/post_86_video.mp4|–í—ã–ø—É—Å–∫–∞–π—Ç–µ –ö—Ä–∞–∫–µ–Ω–∞!
125|/media/wtheisen/scratch2/telegram_video/petrlundstrem/413/post_413_video.mp4|"–ü—ë—Ç—Ä –õ—É–Ω–¥—Å—Ç—Ä–µ–º–í –ï–∫–∞—Ç–µ—Ä–∏–Ω–±—É—Ä–≥–µ –ø—Ä–æ—à–ª–∞ –ª–∏—Ç—É—Ä–≥–∏—è —É –•—Ä–∞–º–∞-–Ω–∞-–ö—Ä–æ–≤–∏, –ø–æ—Å–ª–µ —á–µ–≥–æ –ª—é–¥–∏ –æ—Ç–ø—Ä–∞–≤–∏–ª–∏—Å—å –ø–æ –º–∞—Ä—à—Ä—É—Ç—É –¶–∞—Ä—Å–∫–æ–≥–æ –∫—Ä–µ—Å—Ç–Ω–æ–≥–æ —Ö–æ–¥–∞. –í–ª–∞—Å—Ç–∏ —Ä–∞–Ω–µ–µ –æ—Ç–º–µ–Ω–∏–ª–∏ –∫—Ä–µ—Å—Ç–Ω—ã–π —Ö–æ–¥, –†–æ—Å–ø–æ—Ç—Ä–µ–±–Ω–∞–¥–∑–æ—Ä –∑–∞–ø—Ä–µ—Ç–∏–ª –≤ —Ä–µ–≥–∏–æ–Ω–µ –º–µ—Ä–æ–ø—Ä–∏—è—Ç–∏—è —Å —É—á–∞—Å—Ç–∏–µ–º –±–æ–ª–µ–µ 500 —á–µ–ª–æ–≤–µ–∫.""–ß–∞—Å—Ç—å –ª—é–¥–µ–π, —É—á–∞—Å—Ç–≤–æ–≤–∞–≤—à–∏—Ö –≤ –ª–∏—Ç—É—Ä–≥–∏–∏, –æ—Ç–ø—Ä–∞–≤–∏–ª–∞—Å—å –Ω–∞ –ì–∞–Ω–∏–Ω—É –Ø–º—É –ø–µ—à–∫–æ–º, –º–∞–ª—ã–º–∏ –≥—Ä—É–ø–ø–∞–º–∏, –ø–æ —Ç—Ä–æ—Ç—É–∞—Ä—É. –¢—Ä–∞–¥–∏—Ü–∏–æ–Ω–Ω—ã–º –∫—Ä–µ—Å—Ç–Ω—ã–º —Ö–æ–¥–æ–º —ç—Ç–æ –Ω–∞–∑—ã–≤–∞—Ç—å –Ω–µ–ª—å–∑—è"", ‚Äì —Å–∫–∞–∑–∞–ª–∏ –†–ò–ê –ù–æ–≤–æ—Å—Ç–∏ –≤ –ï–∫–∞—Ç–µ—Ä–∏–Ω–±—É—Ä–≥—Å–∫–æ–π –µ–ø–∞—Ä—Ö–∏–∏."
126|/media/wtheisen/scratch2/telegram_video/petrlundstrem/322/post_322_video.mp4|–ü—ë—Ç—Ä –õ—É–Ω–¥—Å—Ç—Ä–µ–º–†–æ—Å—Å–∏—è.–ú–∏—Ç—Ä–æ–ø–æ–ª–∏—Ç –¢–≤–µ—Ä—Å–∫–æ–π –∏ –ö–∞—à–∏–Ω—Å–∫–∏–π –ê–º–≤—Ä–æ—Å–∏–π –¥–∞–ª —Å–≤—è—â–µ–Ω–Ω–∏–∫–∞–º 2 –Ω–µ–¥–µ–ª–∏ —á—Ç–æ–±—ã –æ–Ω–∏ —É–∫–æ–ª–æ–ª–∏—Å—å üíâ‚ò†Ô∏è –û—Ç–∫–∞–∑–∞–≤—à–∏–µ—Å—è –±—É–¥—É—Ç –∑–∞–ø—Ä–µ—â–µ–Ω—ã –≤ —Å–ª—É–∂–µ–Ω–∏–∏ üò±https://kalakazo.livejournal.com/4071074.html
127|/media/wtheisen/scratch2/telegram_video/petrlundstrem/412/post_412_video.mp4|"–ü—ë—Ç—Ä –õ—É–Ω–¥—Å—Ç—Ä–µ–º–í –ï–∫–∞—Ç–µ—Ä–∏–Ω–±—É—Ä–≥–µ –ø—Ä–æ—à–ª–∞ –ª–∏—Ç—É—Ä–≥–∏—è —É –•—Ä–∞–º–∞-–Ω–∞-–ö—Ä–æ–≤–∏, –ø–æ—Å–ª–µ —á–µ–≥–æ –ª—é–¥–∏ –æ—Ç–ø—Ä–∞–≤–∏–ª–∏—Å—å –ø–æ –º–∞—Ä—à—Ä—É—Ç—É –¶–∞—Ä—Å–∫–æ–≥–æ –∫—Ä–µ—Å—Ç–Ω–æ–≥–æ —Ö–æ–¥–∞. –í–ª–∞—Å—Ç–∏ —Ä–∞–Ω–µ–µ –æ—Ç–º–µ–Ω–∏–ª–∏ –∫—Ä–µ—Å—Ç–Ω—ã–π —Ö–æ–¥, –†–æ—Å–ø–æ—Ç—Ä–µ–±–Ω–∞–¥–∑–æ—Ä –∑–∞–ø—Ä–µ—Ç–∏–ª –≤ —Ä–µ–≥–∏–æ–Ω–µ –º–µ—Ä–æ–ø—Ä–∏—è—Ç–∏—è —Å —É—á–∞—Å—Ç–∏–µ–º –±–æ–ª–µ–µ 500 —á–µ–ª–æ–≤–µ–∫.""–ß–∞—Å—Ç—å –ª—é–¥–µ–π, —É—á–∞—Å—Ç–≤–æ–≤–∞–≤—à–∏—Ö –≤ –ª–∏—Ç—É—Ä–≥–∏–∏, –æ—Ç–ø—Ä–∞–≤–∏–ª–∞—Å—å –Ω–∞ –ì–∞–Ω–∏–Ω—É –Ø–º—É –ø–µ—à–∫–æ–º, –º–∞–ª—ã–º–∏ –≥—Ä—É–ø–ø–∞–º–∏, –ø–æ —Ç—Ä–æ—Ç—É–∞—Ä—É. –¢—Ä–∞–¥–∏—Ü–∏–æ–Ω–Ω—ã–º –∫—Ä–µ—Å—Ç–Ω—ã–º —Ö–æ–¥–æ–º —ç—Ç–æ –Ω–∞–∑—ã–≤–∞—Ç—å –Ω–µ–ª—å–∑—è"", ‚Äì —Å–∫–∞–∑–∞–ª–∏ –†–ò–ê –ù–æ–≤–æ—Å—Ç–∏ –≤ –ï–∫–∞—Ç–µ—Ä–∏–Ω–±—É—Ä–≥—Å–∫–æ–π –µ–ø–∞—Ä—Ö–∏–∏."
128|/media/wtheisen/scratch2/telegram_video/petrlundstrem/400/post_400_video.mp4|–ü—ë—Ç—Ä –õ—É–Ω–¥—Å—Ç—Ä–µ–ºüá´üá∑ –í–æ –§—Ä–∞–Ω—Ü–∏–∏ –ø–æ –≤—Å–µ–π —Å—Ç—Ä–∞–Ω–µ –Ω–∞ —É–ª–∏—Ü–µ –≤—ã—à–ª–∏ –ø—Ä–æ—Ç–µ—Å—Ç—É—é—â–∏–µ –ø—Ä–æ—Ç–∏–≤ –æ–±—è–∑–∞—Ç–µ–ª—å–Ω–æ–π –≤–∞–∫—Ü–∏–Ω–∞—Ü–∏–∏–í –ü–∞—Ä–∏–∂–µ –ø–æ–ª–∏—Ü–∏—è –ø—Ä–∏–º–µ–Ω—è–µ—Ç —Å–ª–µ–∑–æ—Ç–æ—á–∏–≤—ã–µ –≥–∞–∑ –∏ —Ä–µ–∑–∏–Ω–æ–≤—ã–µ –ø—É–ª–∏.–ú–∞–∫—Ä–æ–Ω –≤–≤—ë–ª —Ç–∞–∫ –Ω–∞–∑—ã–≤–∞–µ–º—ã–π —Å–∞–Ω–∏—Ç–∞—Ä–Ω—ã–π –ø—Ä–æ–ø—É—Å–∫: –±–µ–∑ –Ω–µ–≥–æ —Å –∞–≤–≥—É—Å—Ç–∞ –Ω–µ –ø—É—Å—Ç—è—Ç –≤ –±–∞—Ä—ã, —Ä–µ—Å—Ç–æ—Ä–∞–Ω—ã, –±–æ–ª—å–Ω–∏—Ü—ã, –¥–æ–º–∞ –ø—Ä–µ—Å—Ç–∞—Ä–µ–ª—ã—Ö, –ø–æ–µ–∑–¥–∞ –∏ —Å–∞–º–æ–ª—ë—Ç—ã. –ö—Ä–æ–º–µ —Ç–æ–≥–æ, –≤–≤–µ–¥–µ–Ω–∞ –æ–±—è–∑–∞—Ç–µ–ª—å–Ω–∞—è –≤–∞–∫—Ü–∏–Ω–∞—Ü–∏—è –¥–ª—è –º–µ–¥–∏–∫–æ–≤.
129|/media/wtheisen/scratch2/telegram_video/petrlundstrem/283/post_283_video.mp4|–ü—ë—Ç—Ä –õ—É–Ω–¥—Å—Ç—Ä–µ–º–í—Ä–∞—á –∏–∑ –ù–æ–≤–æ—Å–∏–±–∏—Ä—Å–∫–∞ —Ä–∞—Å—Å–∫–∞–∑–∞–ª–∞, –ø–æ—á–µ–º—É –º–∞—Å—Å–æ–≤–∞—è –≤–∞–∫—Ü–∏–Ω–∞—Ü–∏—è - –∑–ª–æ. –°–æ–≥–ª–∞—Å–Ω—ã —Å –Ω–µ–π ?üëâüèº –Ω–æ–≤–æ—Å—Ç–Ω–∞—è –ª–µ–Ω—Ç–∞
130|/media/wtheisen/scratch2/telegram_video/petrlundstrem/290/post_290_video.mp4|–ü—ë—Ç—Ä –õ—É–Ω–¥—Å—Ç—Ä–µ–ºüîºüîºüîº–ü—Ä–µ–∫—Ä–∞—Å–Ω–æ–µ –≤–∏–¥–µ–æ –ø—Ä–æ –≤–∞–∫—Ü–∏–Ω–∞—Ü–∏—é –∏ –¥–µ—Ä–∂–∏–º–æ—Ä–¥—ã.üîΩüîΩüîΩ–ü—ã—Ç–∞–ª–∏—Å—å —Å–∫–ª–æ–Ω–∏—Ç—å –∏ –≤—Ä–∞–ª–∏ (—Å) –î–∞-–¥–∞. –ò –Ω–∞–∑—ã–≤–∞–ª–∏ –∑–µ–º–ª—è–Ω—ã–º —á–µ—Ä–≤—è–∫–æ–º.–ù–æ —Å–≤–æ–±–æ–¥–Ω—ã–µ –∏ –ø—Ä–µ–∫—Ä–∞—Å–Ω—ã–µ –≥—Ä–∞–∂–¥–∞–Ω–µ (–º—ã) –Ω–µ –¥–æ–ø—É—Å—Ç–∏–ª–∏ —ç—Ç–æ–≥–æ.
131|/media/wtheisen/scratch2/telegram_video/petrlundstrem/401/post_401_video.mp4|–ü—ë—Ç—Ä –õ—É–Ω–¥—Å—Ç—Ä–µ–ºüá´üá∑ –í–æ –§—Ä–∞–Ω—Ü–∏–∏ –ø–æ –≤—Å–µ–π —Å—Ç—Ä–∞–Ω–µ –Ω–∞ —É–ª–∏—Ü–µ –≤—ã—à–ª–∏ –ø—Ä–æ—Ç–µ—Å—Ç—É—é—â–∏–µ –ø—Ä–æ—Ç–∏–≤ –æ–±—è–∑–∞—Ç–µ–ª—å–Ω–æ–π –≤–∞–∫—Ü–∏–Ω–∞—Ü–∏–∏–í –ü–∞—Ä–∏–∂–µ –ø–æ–ª–∏—Ü–∏—è –ø—Ä–∏–º–µ–Ω—è–µ—Ç —Å–ª–µ–∑–æ—Ç–æ—á–∏–≤—ã–µ –≥–∞–∑ –∏ —Ä–µ–∑–∏–Ω–æ–≤—ã–µ –ø—É–ª–∏.–ú–∞–∫—Ä–æ–Ω –≤–≤—ë–ª —Ç–∞–∫ –Ω–∞–∑—ã–≤–∞–µ–º—ã–π —Å–∞–Ω–∏—Ç–∞—Ä–Ω—ã–π –ø—Ä–æ–ø—É—Å–∫: –±–µ–∑ –Ω–µ–≥–æ —Å –∞–≤–≥—É—Å—Ç–∞ –Ω–µ –ø—É—Å—Ç—è—Ç –≤ –±–∞—Ä—ã, —Ä–µ—Å—Ç–æ—Ä–∞–Ω—ã, –±–æ–ª—å–Ω–∏—Ü—ã, –¥–æ–º–∞ –ø—Ä–µ—Å—Ç–∞—Ä–µ–ª—ã—Ö, –ø–æ–µ–∑–¥–∞ –∏ —Å–∞–º–æ–ª—ë—Ç—ã. –ö—Ä–æ–º–µ —Ç–æ–≥–æ, –≤–≤–µ–¥–µ–Ω–∞ –æ–±—è–∑–∞—Ç–µ–ª—å–Ω–∞—è –≤–∞–∫—Ü–∏–Ω–∞—Ü–∏—è –¥–ª—è –º–µ–¥–∏–∫–æ–≤.
132|/media/wtheisen/scratch2/telegram_video/petrlundstrem/311/post_311_video.mp4|–ü—ë—Ç—Ä –õ—É–Ω–¥—Å—Ç—Ä–µ–º¬´–í—Ä—É—á–∞—Ç—å –ø—Ä–∏–∑ –∑–∞ –ª—É—á—à–∏–π —Ñ–∏–ª—å–º —ç—Ç–æ–º—É –ø–æ–¥–ª–æ–º—É —Ñ–∏–ª—å–º—É, –ø–æ–∑–æ—Ä—è—â–µ–º—É –º–æ—é —Å—Ç—Ä–∞–Ω—É, —è –ø–æ–ø—Ä–æ—Å–∏–ª –±—ã –ü–∞–º–µ–ª—É –ê–Ω–¥–µ—Ä—Å–æ–Ω. –Ø —ç—Ç–æ–≥–æ –¥–µ–ª–∞—Ç—å –Ω–µ –±—É–¥—É¬ª: –£–º–µ—Ä –∫–∏–Ω–æ—Ä–µ–∂–∏—Å—Å–µ—Ä –í–ª–∞–¥–∏–º–∏—Ä –ú–µ–Ω—å—à–æ–≤, —Å–Ω—è–≤—à–∏–π ¬´–õ—é–±–æ–≤—å –∏ –≥–æ–ª—É–±–∏¬ª –∏ ¬´–ú–æ—Å–∫–≤–∞ —Å–ª–µ–∑–∞–º –Ω–µ –≤–µ—Ä–∏—Ç¬ª –∏ –æ—Ç–∫–∞–∑–∞–≤—à–∏–π—Å—è –≤—Ä—É—á–∞—Ç—å –ø—Ä–∏–∑ —Ñ–∏–ª—å–º—É ¬´–°–≤–æ–ª–æ—á–∏¬ª.
133|/media/wtheisen/scratch2/telegram_video/petrlundstrem/229/post_229_video.mp4|–ü—ë—Ç—Ä –õ—É–Ω–¥—Å—Ç—Ä–µ–º–í –ú–æ—Å–∫–≤–µ –ø—Ä–æ—Ö–æ–¥–∏—Ç —Å–æ–±—Ä–∞–Ω–∏–µ –ø—Ä–æ—Ç–∏–≤–Ω–∏–∫–æ–≤ –≤–∞–∫—Ü–∏–Ω–∞—Ü–∏–∏–í —ç—Ç–∏ –º–∏–Ω—É—Ç—ã –≤ –ù–æ–≤–æ–ø—É—à–∫–∏–Ω—Å–∫–æ–º —Å–∫–≤–µ—Ä–µ –≤ —Ü–µ–Ω—Ç—Ä–µ —Å—Ç–æ–ª–∏—Ü—ã –ø—Ä–æ—Ö–æ–¥–∏—Ç –≤—Å—Ç—Ä–µ—á–∞ –∂–∏—Ç–µ–ª–µ–π, –Ω–µ —Å–æ–≥–ª–∞—Å–Ω—ã—Ö —Å –ø—Ä–∏–Ω—É–¥–∏—Ç–µ–ª—å–Ω–æ–π –≤–∞–∫—Ü–∏–Ω–∞—Ü–∏–µ–π, —Å –¥–µ–ø—É—Ç–∞—Ç–∞–º–∏ –ö–ü–†–§.–ñ–∞—Ä–∫–æ, –Ω–∞—Ä–æ–¥—É –Ω–µ —Å–ª–∏—à–∫–æ–º –º–Ω–æ–≥–æ
134|/media/wtheisen/scratch2/telegram_video/petrlundstrem/294/post_294_video.mp4|–ü—ë—Ç—Ä –õ—É–Ω–¥—Å—Ç—Ä–µ–º–ò–∑—É—á–∞–µ–º –æ–ø—ã—Ç –∫–ª–∞—Å—Å–æ–≤–æ–π –±–æ—Ä—å–±—ã –≤ –ò–Ω–¥–∏–∏)https://t.me/MIrvMomente/5728
135|/media/wtheisen/scratch2/telegram_video/petrlundstrem/402/post_402_video.mp4|–ü—ë—Ç—Ä –õ—É–Ω–¥—Å—Ç—Ä–µ–ºüá´üá∑ –í–æ –§—Ä–∞–Ω—Ü–∏–∏ –ø–æ –≤—Å–µ–π —Å—Ç—Ä–∞–Ω–µ –Ω–∞ —É–ª–∏—Ü–µ –≤—ã—à–ª–∏ –ø—Ä–æ—Ç–µ—Å—Ç—É—é—â–∏–µ –ø—Ä–æ—Ç–∏–≤ –æ–±—è–∑–∞—Ç–µ–ª—å–Ω–æ–π –≤–∞–∫—Ü–∏–Ω–∞—Ü–∏–∏–í –ü–∞—Ä–∏–∂–µ –ø–æ–ª–∏—Ü–∏—è –ø—Ä–∏–º–µ–Ω—è–µ—Ç —Å–ª–µ–∑–æ—Ç–æ—á–∏–≤—ã–µ –≥–∞–∑ –∏ —Ä–µ–∑–∏–Ω–æ–≤—ã–µ –ø—É–ª–∏.–ú–∞–∫—Ä–æ–Ω –≤–≤—ë–ª —Ç–∞–∫ –Ω–∞–∑—ã–≤–∞–µ–º—ã–π —Å–∞–Ω–∏—Ç–∞—Ä–Ω—ã–π –ø—Ä–æ–ø—É—Å–∫: –±–µ–∑ –Ω–µ–≥–æ —Å –∞–≤–≥—É—Å—Ç–∞ –Ω–µ –ø—É—Å—Ç—è—Ç –≤ –±–∞—Ä—ã, —Ä–µ—Å—Ç–æ—Ä–∞–Ω—ã, –±–æ–ª—å–Ω–∏—Ü—ã, –¥–æ–º–∞ –ø—Ä–µ—Å—Ç–∞—Ä–µ–ª—ã—Ö, –ø–æ–µ–∑–¥–∞ –∏ —Å–∞–º–æ–ª—ë—Ç—ã. –ö—Ä–æ–º–µ —Ç–æ–≥–æ, –≤–≤–µ–¥–µ–Ω–∞ –æ–±—è–∑–∞—Ç–µ–ª—å–Ω–∞—è –≤–∞–∫—Ü–∏–Ω–∞—Ü–∏—è –¥–ª—è –º–µ–¥–∏–∫–æ–≤.
136|/media/wtheisen/scratch2/telegram_video/petrlundstrem/58/post_58_video.mp4|–ü—ë—Ç—Ä –õ—É–Ω–¥—Å—Ç—Ä–µ–º–û—Å–Ω–æ–≤–Ω—ã–µ –ø—Ä–∏–Ω—Ü–∏–ø—ã –¥–∏—Ä–∏–∂—ë—Ä–∞ –ì—Ä–æ–º–æ–≤–∞: –ø–æ—Ç–µ–µ—à—å, –∑–Ω–∞—á–∏—Ç –≤—Å–µ –Ω–µ –∑—Ä—è!
137|/media/wtheisen/scratch2/telegram_video/petrlundstrem/415/post_415_video.mp4|–ü—ë—Ç—Ä –õ—É–Ω–¥—Å—Ç—Ä–µ–º–ö—Ä–µ—Å—Ç–Ω—ã–π —Ö–æ–¥ –≤–æ –≥–ª–∞–≤–µ —Å –ú–∏—Ç—Ä–æ–ø–æ–ª–∏—Ç–æ–º –ï–≤–≥–µ–Ω–∏–µ–º (–ö—É–ª—å–±–µ—Ä–≥–æ–º) –∏ –ú–∏—Ç—Ä–æ–ø–æ–ª–∏—Ç–æ–º –í–∏–∫–µ–Ω—Ç–∏–µ–º (–ú–æ—Ä–∞—Ä—å).
138|/media/wtheisen/scratch2/telegram_video/petrlundstrem/62/post_62_video.mp4|–ü—ë—Ç—Ä –õ—É–Ω–¥—Å—Ç—Ä–µ–º–ü—É—à–∫–∏–Ω, –ß–∞–π–∫–æ–≤—Å–∫–∏–π, —à–∫–æ–ª—å–Ω—ã–µ –∫–æ–ª–ª–µ–∫—Ç–∏–≤—ã —Å–æ –≤—Å–µ–π —Å—Ç—Ä–∞–Ω—ã, –Ω—É –∏ –æ—Ä–∫–µ—Å—Ç—Ä –∫–∞–º–µ—Ä–Ω–æ–π –º—É–∑—ã–∫–∏ –õ–µ–æ–Ω–∏–¥–∞ –õ—É–Ω–¥—Å—Ç—Ä–µ–º–∞ –∫–∞–∫ —á–∞—Å—Ç—å —Ç–µ–∞—Ç—Ä–∞–ª—å–Ω–æ–≥–æ –¥–µ–π—Å—Ç–≤–∞ )–û—Ç–ª–∏—á–Ω–∞—è –ø–æ–µ–∑–¥–∫–∞ –≤ –ø—Ä–æ—Å—Ç–æ —Å—É–ø–µ—Ä-–∫–æ–º–ø–∞–Ω–∏–∏ )#–ø—É—à–∫–∏–Ω#–º–∞—Å—Ç–µ—Ä—Å–∫–∞—è–ª—É–Ω–¥—Å—Ç—Ä–µ–º–∞
139|/media/wtheisen/scratch2/telegram_video/petrlundstrem/320/post_320_video.mp4|–ü—ë—Ç—Ä –õ—É–Ω–¥—Å—Ç—Ä–µ–º–†–æ—Å—Å–∏—è.–ú–∏—Ç—Ä–æ–ø–æ–ª–∏—Ç –¢–≤–µ—Ä—Å–∫–æ–π –∏ –ö–∞—à–∏–Ω—Å–∫–∏–π –ê–º–≤—Ä–æ—Å–∏–π –¥–∞–ª —Å–≤—è—â–µ–Ω–Ω–∏–∫–∞–º 2 –Ω–µ–¥–µ–ª–∏ —á—Ç–æ–±—ã –æ–Ω–∏ —É–∫–æ–ª–æ–ª–∏—Å—å üíâ‚ò†Ô∏è –û—Ç–∫–∞–∑–∞–≤—à–∏–µ—Å—è –±—É–¥—É—Ç –∑–∞–ø—Ä–µ—â–µ–Ω—ã –≤ —Å–ª—É–∂–µ–Ω–∏–∏ üò±https://kalakazo.livejournal.com/4071074.html
140|/media/wtheisen/scratch2/telegram_video/petrlundstrem/410/post_410_video.mp4|"–ü—ë—Ç—Ä –õ—É–Ω–¥—Å—Ç—Ä–µ–º–í –ï–∫–∞—Ç–µ—Ä–∏–Ω–±—É—Ä–≥–µ –ø—Ä–æ—à–ª–∞ –ª–∏—Ç—É—Ä–≥–∏—è —É –•—Ä–∞–º–∞-–Ω–∞-–ö—Ä–æ–≤–∏, –ø–æ—Å–ª–µ —á–µ–≥–æ –ª—é–¥–∏ –æ—Ç–ø—Ä–∞–≤–∏–ª–∏—Å—å –ø–æ –º–∞—Ä—à—Ä—É—Ç—É –¶–∞—Ä—Å–∫–æ–≥–æ –∫—Ä–µ—Å—Ç–Ω–æ–≥–æ —Ö–æ–¥–∞. –í–ª–∞—Å—Ç–∏ —Ä–∞–Ω–µ–µ –æ—Ç–º–µ–Ω–∏–ª–∏ –∫—Ä–µ—Å—Ç–Ω—ã–π —Ö–æ–¥, –†–æ—Å–ø–æ—Ç—Ä–µ–±–Ω–∞–¥–∑–æ—Ä –∑–∞–ø—Ä–µ—Ç–∏–ª –≤ —Ä–µ–≥–∏–æ–Ω–µ –º–µ—Ä–æ–ø—Ä–∏—è—Ç–∏—è —Å —É—á–∞—Å—Ç–∏–µ–º –±–æ–ª–µ–µ 500 —á–µ–ª–æ–≤–µ–∫.""–ß–∞—Å—Ç—å –ª—é–¥–µ–π, —É—á–∞—Å—Ç–≤–æ–≤–∞–≤—à–∏—Ö –≤ –ª–∏—Ç—É—Ä–≥–∏–∏, –æ—Ç–ø—Ä–∞–≤–∏–ª–∞—Å—å –Ω–∞ –ì–∞–Ω–∏–Ω—É –Ø–º—É –ø–µ—à–∫–æ–º, –º–∞–ª—ã–º–∏ –≥—Ä—É–ø–ø–∞–º–∏, –ø–æ —Ç—Ä–æ—Ç—É–∞—Ä—É. –¢—Ä–∞–¥–∏—Ü–∏–æ–Ω–Ω—ã–º –∫—Ä–µ—Å—Ç–Ω—ã–º —Ö–æ–¥–æ–º —ç—Ç–æ –Ω–∞–∑—ã–≤–∞—Ç—å –Ω–µ–ª—å–∑—è"", ‚Äì —Å–∫–∞–∑–∞–ª–∏ –†–ò–ê –ù–æ–≤–æ—Å—Ç–∏ –≤ –ï–∫–∞—Ç–µ—Ä–∏–Ω–±—É—Ä–≥—Å–∫–æ–π –µ–ø–∞—Ä—Ö–∏–∏."
141|/media/wtheisen/scratch2/telegram_video/petrlundstrem/321/post_321_video.mp4|–ü—ë—Ç—Ä –õ—É–Ω–¥—Å—Ç—Ä–µ–º–†–æ—Å—Å–∏—è.–ú–∏—Ç—Ä–æ–ø–æ–ª–∏—Ç –¢–≤–µ—Ä—Å–∫–æ–π –∏ –ö–∞—à–∏–Ω—Å–∫–∏–π –ê–º–≤—Ä–æ—Å–∏–π –¥–∞–ª —Å–≤—è—â–µ–Ω–Ω–∏–∫–∞–º 2 –Ω–µ–¥–µ–ª–∏ —á—Ç–æ–±—ã –æ–Ω–∏ —É–∫–æ–ª–æ–ª–∏—Å—å üíâ‚ò†Ô∏è –û—Ç–∫–∞–∑–∞–≤—à–∏–µ—Å—è –±—É–¥—É—Ç –∑–∞–ø—Ä–µ—â–µ–Ω—ã –≤ —Å–ª—É–∂–µ–Ω–∏–∏ üò±https://kalakazo.livejournal.com/4071074.html
142|/media/wtheisen/scratch2/telegram_video/petrlundstrem/414/post_414_video.mp4|"–ü—ë—Ç—Ä –õ—É–Ω–¥—Å—Ç—Ä–µ–º–í –ï–∫–∞—Ç–µ—Ä–∏–Ω–±—É—Ä–≥–µ –ø—Ä–æ—à–ª–∞ –ª–∏—Ç—É—Ä–≥–∏—è —É –•—Ä–∞–º–∞-–Ω–∞-–ö—Ä–æ–≤–∏, –ø–æ—Å–ª–µ —á–µ–≥–æ –ª—é–¥–∏ –æ—Ç–ø—Ä–∞–≤–∏–ª–∏—Å—å –ø–æ –º–∞—Ä—à—Ä—É—Ç—É –¶–∞—Ä—Å–∫–æ–≥–æ –∫—Ä–µ—Å—Ç–Ω–æ–≥–æ —Ö–æ–¥–∞. –í–ª–∞—Å—Ç–∏ —Ä–∞–Ω–µ–µ –æ—Ç–º–µ–Ω–∏–ª–∏ –∫—Ä–µ—Å—Ç–Ω—ã–π —Ö–æ–¥, –†–æ—Å–ø–æ—Ç—Ä–µ–±–Ω–∞–¥–∑–æ—Ä –∑–∞–ø—Ä–µ—Ç–∏–ª –≤ —Ä–µ–≥–∏–æ–Ω–µ –º–µ—Ä–æ–ø—Ä–∏—è—Ç–∏—è —Å —É—á–∞—Å—Ç–∏–µ–º –±–æ–ª–µ–µ 500 —á–µ–ª–æ–≤–µ–∫.""–ß–∞—Å—Ç—å –ª—é–¥–µ–π, —É—á–∞—Å—Ç–≤–æ–≤–∞–≤—à–∏—Ö –≤ –ª–∏—Ç—É—Ä–≥–∏–∏, –æ—Ç–ø—Ä–∞–≤–∏–ª–∞—Å—å –Ω–∞ –ì–∞–Ω–∏–Ω—É –Ø–º—É –ø–µ—à–∫–æ–º, –º–∞–ª—ã–º–∏ –≥—Ä—É–ø–ø–∞–º–∏, –ø–æ —Ç—Ä–æ—Ç—É–∞—Ä—É. –¢—Ä–∞–¥–∏—Ü–∏–æ–Ω–Ω—ã–º –∫—Ä–µ—Å—Ç–Ω—ã–º —Ö–æ–¥–æ–º —ç—Ç–æ –Ω–∞–∑—ã–≤–∞—Ç—å –Ω–µ–ª—å–∑—è"", ‚Äì —Å–∫–∞–∑–∞–ª–∏ –†–ò–ê –ù–æ–≤–æ—Å—Ç–∏ –≤ –ï–∫–∞—Ç–µ—Ä–∏–Ω–±—É—Ä–≥—Å–∫–æ–π –µ–ø–∞—Ä—Ö–∏–∏."
143|/media/wtheisen/scratch2/telegram_video/petrlundstrem/296/post_296_video.mp4|"–ü—ë—Ç—Ä –õ—É–Ω–¥—Å—Ç—Ä–µ–º–í–æ—Ç —ç—Ç–æ –∫—É–∫—É—Å–∏–∫, –ø–æ-–¥—Ä—É–≥–æ–º—É –¥–∞–∂–µ –Ω–µ —Å–∫–∞–∂–µ—à—å! ü§¶üòÇ""—ç—Ç–æ –∏–Ω—Ç–µ—Ä–Ω–µ—Ç, –¥–µ—Ç–∫–∞..."" (—Å.) P.S. –≠—Ç–æ –Ω–∞–∑—ã–≤–∞–µ—Ç—Å—è –ø—Ä–µ–≤—ã—à–µ–Ω–∏–µ —Å–ª—É–∂–µ–±–Ω—ã—Ö –ø–æ–ª–Ω–æ–º–æ—á–∏–π. https://t.me/media_soldier/3232"
144|/media/wtheisen/scratch2/telegram_video/petrlundstrem/165/post_165_video.mp4|–ü—ë—Ç—Ä –õ—É–Ω–¥—Å—Ç—Ä–µ–º–î–æ—Ä–æ–≥–∏–µ –¥—Ä—É–∑—å—è!–£–º–∏—Ä–∞—Ç—å —Å–æ–±—Ä–∞–ª—Å—è, –∞ —Ä–æ–∂—å —Å–µ–π.–ö 80-–ª–µ—Ç–∏—é –Ω–∞—á–∞–ª–∞ –í–µ–ª–∏–∫–æ–π –û—Ç–µ—á–µ—Å—Ç–≤–µ–Ω–Ω–æ–π –Ω–∞ –ù–¢–í —Å–æ—Å—Ç–æ–∏—Ç—Å—è –ø—Ä–µ–º—å–µ—Ä–∞ –¥–æ–∫—É–º–µ–Ω—Ç–∞–ª—å–Ω–æ–≥–æ —Ñ–∏–ª—å–º–∞ ¬´–ë–∏–ª–µ—Ç –Ω–∞ –≤–æ–π–Ω—É¬ª ‚Äî 21 –∏—é–Ω—è –≤ 23:50–í —ç—Ç–æ–º —Ñ–∏–ª—å–º–µ —Å–Ω—è–ª–∞—Å—å –∏ –Ω–∞—à–∞ —Å–µ–º—å—è. –ú—ã —Å–∞–º–∏ —É–≤–∏–¥–∏–º —ç—Ç–æ—Ç —Ñ–∏–ª—å–º —Ç–æ–ª—å–∫–æ —Å–µ–≥–æ–¥–Ω—è –≤–µ—á–µ—Ä–æ–º, –Ω–æ –∑–Ω–∞—è –ø–æ—Ç—Ä—è—Å–∞—é—â–µ–≥–æ —Ä–µ–∂–∏—Å—Å–µ—Ä–∞ –Æ–ª–∏—è –ö–ª–∏–º–µ–Ω–∫–æ –∏ –ø–æ—Ç—Ä—è—Å–∞—é—â—É—é –∫–æ–º–∞–Ω–¥—É —Ç–µ–ª–µ–∫–æ–º–ø–∞–Ω–∏–∏ –¢–µ–ª–µ—à–æ—É –≤–æ –≥–ª–∞–≤–µ —Å –ê–ª–µ–∫—Å–∞–Ω–¥—Ä –ú–∞–∫—Å–∏–º–æ–≤ ‚Äì —è –∑–Ω–∞—é, —á—Ç–æ –±—É–¥–µ—Ç —á—Ç–æ-—Ç–æ –Ω–∞—Å—Ç–æ—è—â–µ–µ. –¢–æ—Ç –ø–æ–¥–≤–∏–≥, –∫–æ—Ç–æ—Ä—ã–π —Å–æ–≤–µ—Ä—à–∏–ª –Ω–∞—à –Ω–∞—Ä–æ–¥ –≤ –±–æ—Ä—å–±–µ —Å —Ñ–∞—à–∏–∑–º–æ–º ‚Äì –±–µ—Å—Å–º–µ—Ä—Ç–µ–Ω. –ò –æ—Å–æ–±–µ–Ω–Ω–æ –∞–∫—Ç—É–∞–ª—å–Ω–æ –ø–æ–º–Ω–∏—Ç—å –æ–± —ç—Ç–æ–º –≤ –Ω–∞—à–µ –Ω–µ–ø—Ä–æ—Å—Ç–æ–µ –≤—Ä–µ–º—è. –ú—ã –∏—Ö –Ω–∞—Å–ª–µ–¥–Ω–∏–∫–∏.–ë—É–¥—É —Ä–∞–¥, –µ—Å–ª–∏ –ø–æ—Å–º–æ—Ç—Ä–∏—Ç–µ —Ñ–∏–ª—å–º –≤–º–µ—Å—Ç–µ —Å –Ω–∞–º–∏!#–±–∏–ª–µ—Ç–Ω–∞–≤–æ–π–Ω—É#–º–∞—Å—Ç–µ—Ä—Å–∫–∞—è–ª—É–Ω–¥—Å—Ç—Ä–µ–º–∞
145|/media/wtheisen/scratch2/telegram_video/petrlundstrem/60/post_60_video.mp4|–ü—ë—Ç—Ä –õ—É–Ω–¥—Å—Ç—Ä–µ–º–®–µ–¥–µ–≤—Ä! –ö–æ–≥–¥–∞ —Ä–µ—à–∏–ª —É–±–µ–¥–∏—Ç—å –µ—ë, —á—Ç–æ –æ—Ä–∫–µ—Å—Ç—Ä ‚Äì –≥–ª–∞–≤–Ω–æ–µ –ª–∏—Ü–æ –≤—É–∑–∞. –ï—Å—Ç—å –∂–µ —É–º–µ–ª—å—Ü—ã —É –Ω–∞—Å )
146|/media/wtheisen/scratch2/telegram_video/petrlundstrem/411/post_411_video.mp4|"–ü—ë—Ç—Ä –õ—É–Ω–¥—Å—Ç—Ä–µ–º–í –ï–∫–∞—Ç–µ—Ä–∏–Ω–±—É—Ä–≥–µ –ø—Ä–æ—à–ª–∞ –ª–∏—Ç—É—Ä–≥–∏—è —É –•—Ä–∞–º–∞-–Ω–∞-–ö—Ä–æ–≤–∏, –ø–æ—Å–ª–µ —á–µ–≥–æ –ª—é–¥–∏ –æ—Ç–ø—Ä–∞–≤–∏–ª–∏—Å—å –ø–æ –º–∞—Ä—à—Ä—É—Ç—É –¶–∞—Ä—Å–∫–æ–≥–æ –∫—Ä–µ—Å—Ç–Ω–æ–≥–æ —Ö–æ–¥–∞. –í–ª–∞—Å—Ç–∏ —Ä–∞–Ω–µ–µ –æ—Ç–º–µ–Ω–∏–ª–∏ –∫—Ä–µ—Å—Ç–Ω—ã–π —Ö–æ–¥, –†–æ—Å–ø–æ—Ç—Ä–µ–±–Ω–∞–¥–∑–æ—Ä –∑–∞–ø—Ä–µ—Ç–∏–ª –≤ —Ä–µ–≥–∏–æ–Ω–µ –º–µ—Ä–æ–ø—Ä–∏—è—Ç–∏—è —Å —É—á–∞—Å—Ç–∏–µ–º –±–æ–ª–µ–µ 500 —á–µ–ª–æ–≤–µ–∫.""–ß–∞—Å—Ç—å –ª—é–¥–µ–π, —É—á–∞—Å—Ç–≤–æ–≤–∞–≤—à–∏—Ö –≤ –ª–∏—Ç—É—Ä–≥–∏–∏, –æ—Ç–ø—Ä–∞–≤–∏–ª–∞—Å—å –Ω–∞ –ì–∞–Ω–∏–Ω—É –Ø–º—É –ø–µ—à–∫–æ–º, –º–∞–ª—ã–º–∏ –≥—Ä—É–ø–ø–∞–º–∏, –ø–æ —Ç—Ä–æ—Ç—É–∞—Ä—É. –¢—Ä–∞–¥–∏—Ü–∏–æ–Ω–Ω—ã–º –∫—Ä–µ—Å—Ç–Ω—ã–º —Ö–æ–¥–æ–º —ç—Ç–æ –Ω–∞–∑—ã–≤–∞—Ç—å –Ω–µ–ª—å–∑—è"", ‚Äì —Å–∫–∞–∑–∞–ª–∏ –†–ò–ê –ù–æ–≤–æ—Å—Ç–∏ –≤ –ï–∫–∞—Ç–µ—Ä–∏–Ω–±—É—Ä–≥—Å–∫–æ–π –µ–ø–∞—Ä—Ö–∏–∏."
147|/media/wtheisen/scratch2/telegram_video/petrlundstrem/55/post_55_video.mp4|–ü—ë—Ç—Ä –õ—É–Ω–¥—Å—Ç—Ä–µ–º
